INSERT INTO `addresses` (`id`, `owner_type`, `owner_id`, `email`, `phone`, `street`, `city_id`, `is_primary`, `created_at`, `updated_at`)
VALUES
    (391,'person',198,'da@inenus.com','+25543563422','',1,1,'2023-10-24 15:12:38','2023-10-24 15:12:38'),
    (392,'person',199,'da2@inensus.com','+25512321232','',6,1,'2023-10-24 15:14:41','2023-10-24 15:14:41'),
    (393,'person',200,'da3@inensus.com','+25533322212','',7,1,'2023-10-24 15:15:18','2023-10-24 15:15:18'),
    (394,'person',201,'da4@inensus.com','+2553212232','',9,1,'2023-10-24 15:15:49','2023-10-24 15:15:49'),
    (395,'person',202,'da5@inensus.com','+25512332123','',10,1,'2023-10-24 15:16:23','2023-10-24 15:16:23'),
    (396,'person',203,'da6@inensus.com','+25523212323','',11,1,'2023-10-24 15:17:01','2023-10-24 15:17:01'),
    (397,'person',204,'da7@inensus.com','+25513212321','',12,1,'2023-10-24 15:17:34','2023-10-24 15:17:34'),
    (398,'person',205,NULL,'+2551233212',NULL,1,1,'2023-10-25 13:15:13','2023-10-25 13:15:13'),
    (399,'person',206,NULL,'+255123212321',NULL,3,1,'2023-10-25 13:16:23','2023-10-25 13:16:23'),
    (400,'person',207,NULL,'+255123123232',NULL,2,1,'2023-10-25 13:16:59','2023-10-25 13:16:59'),
    (401,'person',208,NULL,'+255231223212',NULL,5,1,'2023-10-25 13:17:49','2023-10-25 13:17:49'),
    (402,'person',209,NULL,'+25512332122',NULL,15,1,'2023-10-25 13:19:03','2023-10-25 13:19:03');


INSERT INTO `maintenance_users` (`id`, `person_id`, `mini_grid_id`, `created_at`, `updated_at`)
VALUES
    (1,205,1,'2023-10-25 13:15:13','2023-10-25 13:15:13'),
    (2,206,6,'2023-10-25 13:16:23','2023-10-25 13:16:23'),
    (3,207,7,'2023-10-25 13:16:59','2023-10-25 13:16:59'),
    (4,202,9,'2023-10-25 13:17:22','2023-10-25 13:17:22'),
    (5,208,10,'2023-10-25 13:17:49','2023-10-25 13:17:49'),
    (6,202,11,'2023-10-25 13:18:30','2023-10-25 13:18:30'),
    (7,209,12,'2023-10-25 13:19:03','2023-10-25 13:19:03');


INSERT INTO `sub_connection_types` (`id`, `name`, `connection_type_id`, `tariff_id`, `created_at`, `updated_at`)
VALUES
    (1,'CU',2,3,NULL,NULL),
    (2,'Bar',2,3,NULL,NULL),
    (3,'Cafeteria',2,3,NULL,NULL),
    (4,'Carpenter',2,3,NULL,NULL),
    (5,'Compresor shop',2,3,NULL,NULL),
    (6,'Guest house',2,3,NULL,NULL),
    (7,'HH',2,3,NULL,NULL),
    (8,'Iron box',2,3,NULL,NULL),
    (9,'Laundry machine',2,3,NULL,NULL),
    (11,'Mobile charging center',2,3,NULL,NULL),
    (12,'Saloon',2,3,NULL,NULL),
    (13,'Shop fridge',2,3,NULL,NULL),
    (14,'Stationery',2,3,NULL,NULL),
    (15,'Tailor',2,3,NULL,NULL),
    (16,'Video show',2,3,NULL,NULL),
    (17,'HH',1,2,NULL,NULL),
    (18,'Cafeteria',1,2,NULL,NULL),
    (19,'Bakery',17,1,NULL,NULL),
    (20,'Milling',17,1,NULL,NULL),
    (21,'Power house',17,1,NULL,NULL),
    (22,'Welding',17,1,NULL,NULL),
    (23,'CU',1,2,NULL,NULL),
    (24,'default  sub connection type',1,1,'2021-01-26 12:03:26','2021-01-26 12:03:26'),
    (26,'Not Specified',20,20,'2021-01-26 12:22:29','2021-01-26 12:22:29'),
    (27,'Residential',21,20,'2021-01-26 12:22:29','2021-01-26 12:22:29'),
    (28,'Business',22,20,'2021-01-26 12:22:29','2021-01-26 12:22:29'),
    (29,'Institution',23,20,'2021-01-26 12:22:29','2021-01-26 12:22:29');


INSERT INTO `sub_targets` (`id`, `target_id`, `connection_id`, `revenue`, `new_connections`, `connected_power`, `energy_per_month`, `average_revenue_per_month`, `created_at`, `updated_at`)
VALUES
    (41,4,1,3239375,324,213,205,6078,'2019-06-26 09:19:12','2019-06-26 09:19:12'),
    (42,4,2,76042,20,107,30,9505,'2019-06-26 09:19:12','2019-06-26 09:19:12'),
    (43,4,3,93600,0,7,37,0,'2019-06-26 09:19:12','2019-06-26 09:19:12'),
    (44,4,4,111700,2,13,45,0,'2019-06-26 09:19:12','2019-06-26 09:19:12'),
    (45,4,5,119494,4,11,24,17071,'2019-06-26 09:19:12','2019-06-26 09:19:12'),
    (46,4,6,15668,1,5,21,15668,'2019-06-26 09:19:12','2019-06-26 09:19:12'),
    (47,4,7,430820,29,40,172,14856,'2019-06-26 09:19:12','2019-06-26 09:19:12'),
    (48,4,8,50000,1,5,15,5000,'2019-06-26 09:19:12','2019-06-26 09:19:12'),
    (49,4,9,85300,6,9,34,14217,'2019-06-26 09:19:12','2019-06-26 09:19:12'),
    (50,4,10,912500,2,84,87,304167,'2019-06-26 09:19:12','2019-06-26 09:19:12'),
    (51,4,11,54315,0,5,54,54315,'2019-06-26 09:19:12','2019-06-26 09:19:12'),
    (52,4,12,7700,2,8,31,38500,'2019-06-26 09:19:12','2019-06-26 09:19:12'),
    (53,4,13,35000,2,10,20,4000,'2019-06-26 09:19:12','2019-06-26 09:19:12'),
    (54,4,14,20000,2,5,20,4000,'2019-06-26 09:19:12','2019-06-26 09:19:12'),
    (55,4,15,56488,0,4,130,56488,'2019-06-26 09:19:12','2019-06-26 09:19:12'),
    (56,4,16,40000,0,4,16,16000,'2019-06-26 09:19:12','2019-06-26 09:19:12'),
    (57,4,17,600000,0,200,800,600000,'2019-06-26 09:19:12','2019-06-26 09:19:12'),
    (58,4,18,132530,1,14,90,66265,'2019-06-26 09:19:12','2019-06-26 09:19:12'),
    (59,4,19,1262292,2,294,1197,180327,'2019-06-26 09:19:12','2019-06-26 09:19:12'),
    (60,4,20,69524,1,8,45,69524,'2019-06-26 09:19:12','2019-06-26 09:19:12'),
    (61,4,21,94509,0,29,191,74509,'2019-06-26 09:19:12','2019-06-26 09:19:12'),
    (62,4,22,89077,0,14,0,89077,'2019-06-26 09:19:12','2019-06-26 09:19:12'),
    (63,5,1,1036000,212,0,296,4887,'2019-07-06 07:29:04','2019-07-06 07:29:04'),
    (64,5,2,180000,20,0,72,9000,'2019-07-06 07:29:04','2019-07-06 07:29:04'),
    (65,5,3,1000000,10,0,400,100000,'2019-07-06 07:29:04','2019-07-06 07:29:04'),
    (66,5,4,750000,5,0,300,150000,'2019-07-06 07:29:04','2019-07-06 07:29:04'),
    (67,5,5,100000,6,0,40,16667,'2019-07-06 07:29:04','2019-07-06 07:29:04'),
    (68,5,6,0,0,0,0,0,'2019-07-06 07:29:04','2019-07-06 07:29:04'),
    (69,5,7,2692500,104,0,1077,25,'2019-07-06 07:29:04','2019-07-06 07:29:04'),
    (70,5,8,22500,1,0,9,22500,'2019-07-06 07:29:04','2019-07-06 07:29:04'),
    (71,5,9,500000,12,0,200,41667,'2019-07-06 07:29:04','2019-07-06 07:29:05'),
    (72,5,10,20000,1,0,8,20000,'2019-07-06 07:29:05','2019-07-06 07:29:05'),
    (73,5,11,50000,1,0,20,50000,'2019-07-06 07:29:05','2019-07-06 07:29:05'),
    (74,5,12,250000,2,0,100,125000,'2019-07-06 07:29:05','2019-07-06 07:29:05'),
    (75,5,13,125000,2,0,50,62500,'2019-07-06 07:29:05','2019-07-06 07:29:05'),
    (76,5,14,100000,3,0,40,33333,'2019-07-06 07:29:05','2019-07-06 07:29:05'),
    (77,5,15,25000,1,0,10,25000,'2019-07-06 07:29:05','2019-07-06 07:29:05'),
    (78,5,16,25000,1,0,10,25000,'2019-07-06 07:29:05','2019-07-06 07:29:05'),
    (79,5,17,0,0,0,0,0,'2019-07-06 07:29:05','2019-07-06 07:29:05'),
    (80,5,18,21000,1,0,28,21000,'2019-07-06 07:29:05','2019-07-06 07:29:05'),
    (81,5,19,255000,2,0,340,127500,'2019-07-06 07:29:05','2019-07-06 07:29:05'),
    (82,5,20,0,0,0,0,0,'2019-07-06 07:29:05','2019-07-06 07:29:05'),
    (83,5,21,0,0,0,0,0,'2019-07-06 07:29:05','2019-07-06 07:29:05'),
    (84,5,22,42000,1,0,56,42000,'2019-07-06 07:29:05','2019-07-06 07:29:05'),
    (85,6,1,784000,160,0,224,4900,'2019-07-07 09:50:01','2019-07-07 09:50:01'),
    (86,6,2,150000,19,0,60,7895,'2019-07-07 09:50:01','2019-07-07 09:50:01'),
    (87,6,3,680000,10,0,272,68000,'2019-07-07 09:50:01','2019-07-07 09:50:01'),
    (88,6,4,680000,10,0,272,68000,'2019-07-07 09:50:01','2019-07-07 09:50:01'),
    (89,6,5,100000,6,0,40,16667,'2019-07-07 09:50:01','2019-07-07 09:50:01'),
    (90,6,6,0,0,0,0,0,'2019-07-07 09:50:01','2019-07-07 09:50:01'),
    (91,6,7,3567500,98,0,1427,36403,'2019-07-07 09:50:01','2019-07-07 09:50:01'),
    (92,6,8,72500,2,0,29,36250,'2019-07-07 09:50:01','2019-07-07 09:50:01'),
    (93,6,9,1092500,30,0,437,36417,'2019-07-07 09:50:01','2019-07-07 09:50:01'),
    (94,6,10,30000,1,0,12,30000,'2019-07-07 09:50:01','2019-07-07 09:50:01'),
    (95,6,11,0,0,0,0,0,'2019-07-07 09:50:01','2019-07-07 09:50:01'),
    (96,6,12,680000,10,0,272,68000,'2019-07-07 09:50:01','2019-07-07 09:50:01'),
    (97,6,13,182500,5,0,73,36500,'2019-07-07 09:50:01','2019-07-07 09:50:01'),
    (98,6,14,680000,10,0,272,68000,'2019-07-07 09:50:01','2019-07-07 09:50:01'),
    (99,6,15,40000,1,0,16,40000,'2019-07-07 09:50:01','2019-07-07 09:50:01'),
    (100,6,16,0,0,0,0,0,'2019-07-07 09:50:01','2019-07-07 09:50:01'),
    (101,6,17,680000,10,0,272,68000,'2019-07-07 09:50:01','2019-07-07 09:50:01'),
    (102,6,18,72500,2,0,29,36250,'2019-07-07 09:50:01','2019-07-07 09:50:01'),
    (103,6,19,129000,1,0,172,129000,'2019-07-07 09:50:01','2019-07-07 09:50:01'),
    (104,6,20,24000,1,0,32,24000,'2019-07-07 09:50:01','2019-07-07 09:50:01'),
    (105,6,21,45000,2,0,60,22500,'2019-07-07 09:50:01','2019-07-07 09:50:01'),
    (106,6,22,0,0,0,0,0,'2019-07-07 09:50:01','2019-07-07 09:50:01'),
    (107,7,1,476000,96,0,136,4958,'2019-07-08 07:28:50','2019-07-08 07:28:50'),
    (108,7,2,440000,23,0,176,19130,'2019-07-08 07:28:50','2019-07-08 07:28:50'),
    (109,7,3,327500,9,0,131,36388,'2019-07-08 07:28:50','2019-07-08 07:28:50'),
    (110,7,4,72500,8,0,29,9063,'2019-07-08 07:28:50','2019-07-08 07:28:50'),
    (111,7,5,21000,13,0,84,16154,'2019-07-08 07:28:50','2019-07-08 07:28:50'),
    (112,7,6,0,0,0,0,0,'2019-07-08 07:28:50','2019-07-08 07:28:50'),
    (113,7,7,1605000,44,0,642,36477,'2019-07-08 07:28:50','2019-07-08 07:28:50'),
    (114,7,8,27500,3,0,11,9167,'2019-07-08 07:28:50','2019-07-08 07:28:50'),
    (115,7,9,620000,17,0,248,36471,'2019-07-08 07:28:50','2019-07-08 07:28:50'),
    (116,7,10,0,0,0,0,0,'2019-07-08 07:28:50','2019-07-08 07:28:50'),
    (117,7,11,70000,1,0,20,70000,'2019-07-08 07:28:50','2019-07-08 07:28:50'),
    (118,7,12,182500,5,0,73,36500,'2019-07-08 07:28:50','2019-07-08 07:28:50'),
    (119,7,13,107500,3,0,43,35833,'2019-07-08 07:28:50','2019-07-08 07:28:50'),
    (120,7,14,255000,7,0,102,36428,'2019-07-08 07:28:50','2019-07-08 07:28:50'),
    (121,7,15,0,0,0,0,0,'2019-07-08 07:28:50','2019-07-08 07:28:50'),
    (122,7,16,0,0,0,0,0,'2019-07-08 07:28:50','2019-07-08 07:28:50'),
    (123,7,17,0,0,0,0,0,'2019-07-08 07:28:50','2019-07-08 07:28:50'),
    (124,7,18,60000,3,0,80,20000,'2019-07-08 07:28:50','2019-07-08 07:28:50'),
    (125,7,19,0,0,0,0,0,'2019-07-08 07:28:50','2019-07-08 07:28:50'),
    (126,7,20,0,0,0,0,0,'2019-07-08 07:28:50','2019-07-08 07:28:50'),
    (127,7,21,87000,4,0,116,21750,'2019-07-08 07:28:50','2019-07-08 07:28:50'),
    (128,7,22,0,0,0,0,0,'2019-07-08 07:28:50','2019-07-08 07:28:50'),
    (129,8,1,882000,181,0,252,4873,'2019-07-09 09:53:36','2019-07-09 09:53:36'),
    (130,8,2,150000,19,0,60,7895,'2019-07-09 09:53:36','2019-07-09 09:53:36'),
    (131,8,3,327500,9,0,131,36388,'2019-07-09 09:53:36','2019-07-09 09:53:36'),
    (132,8,4,252500,7,0,101,36071,'2019-07-09 09:53:36','2019-07-09 09:53:36'),
    (133,8,5,60000,4,0,24,15000,'2019-07-09 09:53:36','2019-07-09 09:53:36'),
    (134,8,6,36000,2,0,48,18000,'2019-07-09 09:53:36','2019-07-09 09:53:36'),
    (135,8,7,3260000,90,0,1304,36222,'2019-07-09 09:53:36','2019-07-09 09:53:36'),
    (136,8,8,180000,5,0,72,36000,'2019-07-09 09:53:36','2019-07-09 09:53:36'),
    (137,8,9,905000,25,0,362,36200,'2019-07-09 09:53:36','2019-07-09 09:53:36'),
    (138,8,10,10000,1,0,4,10000,'2019-07-09 09:53:36','2019-07-09 09:53:36'),
    (139,8,11,50000,1,0,20,50000,'2019-07-09 09:53:36','2019-07-09 09:53:36'),
    (140,8,12,252500,7,0,101,36071,'2019-07-09 09:53:36','2019-07-09 09:53:36'),
    (141,8,13,180000,5,0,72,36000,'2019-07-09 09:53:36','2019-07-09 09:53:36'),
    (142,8,14,397500,11,0,159,36136,'2019-07-09 09:53:36','2019-07-09 09:53:36'),
    (143,8,15,12000,1,0,16,12000,'2019-07-09 09:53:36','2019-07-09 09:53:36'),
    (144,8,16,0,0,0,0,0,'2019-07-09 09:53:36','2019-07-09 09:53:36'),
    (145,8,17,397500,11,0,159,36136,'2019-07-09 09:53:36','2019-07-09 09:53:36'),
    (146,8,18,42000,2,0,56,21000,'2019-07-09 09:53:36','2019-07-09 09:53:36'),
    (147,8,19,129000,1,0,172,129000,'2019-07-09 09:53:36','2019-07-09 09:53:36'),
    (148,8,20,0,0,0,0,0,'2019-07-09 09:53:36','2019-07-09 09:53:36'),
    (149,8,21,0,0,0,0,0,'2019-07-09 09:53:36','2019-07-09 09:53:36'),
    (150,8,22,0,0,0,0,0,'2019-07-09 09:53:36','2019-07-09 09:53:36'),
    (151,9,1,1036000,212,0,296,4887,'2019-07-10 11:45:06','2019-07-10 11:45:06'),
    (152,9,2,720000,20,0,288,36000,'2019-07-10 11:45:06','2019-07-10 11:45:06'),
    (153,9,3,270000,7,0,108,38571,'2019-07-10 11:45:06','2019-07-10 11:45:06'),
    (154,9,4,230000,6,0,92,38333,'2019-07-10 11:45:06','2019-07-10 11:45:06'),
    (155,9,5,100000,6,0,40,16667,'2019-07-10 11:45:06','2019-07-10 11:45:06'),
    (156,9,6,0,0,0,0,0,'2019-07-10 11:45:06','2019-07-10 11:45:06'),
    (157,9,7,2880000,75,0,1152,38400,'2019-07-10 11:45:06','2019-07-10 11:45:06'),
    (158,9,8,110000,3,0,44,36667,'2019-07-10 11:45:06','2019-07-10 11:45:06'),
    (159,9,9,810000,21,0,324,38571,'2019-07-10 11:45:06','2019-07-10 11:45:06'),
    (160,9,10,20000,1,0,8,20000,'2019-07-10 11:45:06','2019-07-10 11:45:06'),
    (161,9,11,50000,1,0,20,50000,'2019-07-10 11:45:06','2019-07-10 11:45:06'),
    (162,9,12,190000,5,0,76,38000,'2019-07-10 11:45:06','2019-07-10 11:45:06'),
    (163,9,13,307500,8,0,123,38438,'2019-07-10 11:45:06','2019-07-10 11:45:07'),
    (164,9,14,182500,19,0,73,9605,'2019-07-10 11:45:07','2019-07-10 11:45:07'),
    (165,9,15,6000,1,0,8,6000,'2019-07-10 11:45:07','2019-07-10 11:45:07'),
    (166,9,16,0,0,0,0,0,'2019-07-10 11:45:07','2019-07-10 11:45:07'),
    (167,9,17,47500,5,0,19,9500,'2019-07-10 11:45:07','2019-07-10 11:45:07'),
    (168,9,18,21000,1,0,28,21000,'2019-07-10 11:45:07','2019-07-10 11:45:07'),
    (169,9,19,255000,2,0,340,127500,'2019-07-10 11:45:07','2019-07-10 11:45:07'),
    (170,9,20,0,0,0,0,0,'2019-07-10 11:45:07','2019-07-10 11:45:07'),
    (171,9,21,0,0,0,0,0,'2019-07-10 11:45:07','2019-07-10 11:45:07'),
    (172,9,22,42000,1,0,56,42000,'2019-07-10 11:45:07','2019-07-10 11:45:07'),
    (173,10,1,4,1,0,0,0,'2021-05-05 14:02:30','2021-05-05 14:02:30'),
    (174,10,2,3,1,0,0,0,'2021-05-05 14:02:30','2021-05-05 14:02:30'),
    (175,10,3,2,1,0,0,0,'2021-05-05 14:02:30','2021-05-05 14:02:30'),
    (176,10,4,1,1,0,0,0,'2021-05-05 14:02:30','2021-05-05 14:02:30'),
    (177,10,5,1,1,0,0,0,'2021-05-05 14:02:30','2021-05-05 14:02:30'),
    (178,10,6,1,1,0,0,0,'2021-05-05 14:02:30','2021-05-05 14:02:30'),
    (179,10,7,2,1,0,0,0,'2021-05-05 14:02:30','2021-05-05 14:02:30'),
    (180,10,8,89,1,0,0,0,'2021-05-05 14:02:30','2021-05-05 14:02:30'),
    (181,10,9,98877,1,0,0,0,'2021-05-05 14:02:30','2021-05-05 14:02:30'),
    (182,10,10,543,1,0,0,0,'2021-05-05 14:02:30','2021-05-05 14:02:30'),
    (183,10,11,420,1,0,0,0,'2021-05-05 14:02:30','2021-05-05 14:02:30'),
    (184,10,12,654,1,0,0,0,'2021-05-05 14:02:30','2021-05-05 14:02:30'),
    (185,10,13,987,1,0,0,0,'2021-05-05 14:02:30','2021-05-05 14:02:31'),
    (186,10,14,7665,1,0,0,0,'2021-05-05 14:02:31','2021-05-05 14:02:31'),
    (187,10,15,79,1,0,0,0,'2021-05-05 14:02:31','2021-05-05 14:02:31'),
    (188,10,16,16,1,0,0,0,'2021-05-05 14:02:31','2021-05-05 14:02:31'),
    (189,10,17,27,1,0,0,0,'2021-05-05 14:02:31','2021-05-05 14:02:31'),
    (190,10,18,0,0,0,0,0,'2021-05-05 14:02:31','2021-05-05 14:02:31'),
    (191,10,19,0,0,0,0,0,'2021-05-05 14:02:31','2021-05-05 14:02:31'),
    (192,10,20,0,0,0,0,0,'2021-05-05 14:02:31','2021-05-05 14:02:31'),
    (193,10,21,0,0,0,0,0,'2021-05-05 14:02:31','2021-05-05 14:02:31'),
    (194,10,22,0,0,0,0,0,'2021-05-05 14:02:31','2021-05-05 14:02:31'),
    (195,10,23,0,0,0,0,0,'2021-05-05 14:02:31','2021-05-05 14:02:31'),
    (196,10,24,0,0,0,0,0,'2021-05-05 14:02:31','2021-05-05 14:02:31'),
    (197,11,1,0,5,250,20,0,'2022-11-23 16:41:07','2022-11-23 16:41:07'),
    (198,11,2,0,0,0,0,0,'2022-11-23 16:41:07','2022-11-23 16:41:07'),
    (199,11,3,0,0,0,0,0,'2022-11-23 16:41:07','2022-11-23 16:41:07'),
    (200,11,4,0,0,0,0,0,'2022-11-23 16:41:07','2022-11-23 16:41:07'),
    (201,11,5,0,0,0,0,0,'2022-11-23 16:41:07','2022-11-23 16:41:07'),
    (202,11,6,0,0,0,0,0,'2022-11-23 16:41:07','2022-11-23 16:41:07'),
    (203,11,7,0,0,0,0,0,'2022-11-23 16:41:07','2022-11-23 16:41:07'),
    (204,11,8,0,0,0,0,0,'2022-11-23 16:41:07','2022-11-23 16:41:07'),
    (205,11,9,0,0,0,0,0,'2022-11-23 16:41:07','2022-11-23 16:41:07'),
    (206,11,10,0,0,0,0,0,'2022-11-23 16:41:07','2022-11-23 16:41:07'),
    (207,11,11,0,0,0,0,0,'2022-11-23 16:41:07','2022-11-23 16:41:07'),
    (208,11,12,0,0,0,0,0,'2022-11-23 16:41:07','2022-11-23 16:41:07'),
    (209,11,13,0,0,0,0,0,'2022-11-23 16:41:07','2022-11-23 16:41:07'),
    (210,11,14,0,0,0,0,0,'2022-11-23 16:41:07','2022-11-23 16:41:07'),
    (211,11,15,0,0,0,0,0,'2022-11-23 16:41:07','2022-11-23 16:41:07'),
    (212,11,16,0,0,0,0,0,'2022-11-23 16:41:07','2022-11-23 16:41:07'),
    (213,11,17,0,0,0,0,0,'2022-11-23 16:41:07','2022-11-23 16:41:07'),
    (214,11,18,0,0,0,0,0,'2022-11-23 16:41:07','2022-11-23 16:41:07'),
    (215,11,19,0,0,0,0,0,'2022-11-23 16:41:07','2022-11-23 16:41:07'),
    (216,11,20,0,0,0,0,0,'2022-11-23 16:41:07','2022-11-23 16:41:07'),
    (217,11,21,0,0,0,0,0,'2022-11-23 16:41:07','2022-11-23 16:41:07'),
    (218,11,22,0,0,0,0,0,'2022-11-23 16:41:07','2022-11-23 16:41:07'),
    (219,11,23,0,0,0,0,0,'2022-11-23 16:41:07','2022-11-23 16:41:07'),
    (220,11,24,0,0,0,0,0,'2022-11-23 16:41:07','2022-11-23 16:41:07');


INSERT INTO `targets` (`id`, `target_date`, `type`, `owner_type`, `owner_id`, `created_at`, `updated_at`)
VALUES
    (4,'2023-12-31','mini-grid','mini-grid',1,'2019-06-26 09:19:12','2019-06-26 09:19:12'),
    (5,'2023-12-31','mini-grid','mini-grid',6,'2019-07-06 07:29:04','2019-07-06 07:29:04'),
    (6,'2023-12-31','mini-grid','mini-grid',7,'2019-07-07 09:50:01','2019-07-07 09:50:01'),
    (7,'2023-12-31','mini-grid','mini-grid',9,'2019-07-08 07:28:49','2019-07-08 07:28:50'),
    (8,'2023-12-31','mini-grid','mini-grid',10,'2019-07-09 09:53:36','2019-07-09 09:53:36'),
    (9,'2023-12-31','mini-grid','mini-grid',6,'2019-07-10 11:45:06','2019-07-10 11:45:06'),
    (10,'2023-12-31','mini-grid','mini-grid',1,'2021-05-05 14:02:30','2021-05-05 14:02:30'),
    (11,'2023-01-30','mini-grid','mini-grid',1,'2022-11-23 16:41:07','2022-11-23 16:41:07');


INSERT INTO `tokens` (`id`, `transaction_id`, `token`, `load`, `created_at`, `updated_at`)
VALUES
    (1,1,'ChlErnOe3VjYuNwsodutOSe2bkrlJO',3210.5,'2023-11-21 23:58:25','2023-11-21 23:58:25'),
    (2,2,'l1mOVbKWZ4jkCJ7Zzh6EH718OlogeZ',0.24,'2023-11-21 23:58:25','2023-11-21 23:58:25'),
    (3,3,'sx8Bkq6nAqA6i6c9dBFbZKCkgPzWOx',9339,'2023-11-21 23:58:25','2023-11-21 23:58:25'),
    (4,4,'4KV5BBbjUxrzDARubkRxTSWOadkWia',5129,'2023-11-21 23:58:25','2023-11-21 23:58:25'),
    (5,5,'f5gQN1UEnM4NwwI3N848U9WYchYdMW',7950,'2023-11-21 23:58:25','2023-11-21 23:58:25'),
    (6,6,'1CAKkKfIbzQ4Lpwi8KZv5rxPSQ3n6T',6459.5,'2023-11-21 23:58:25','2023-11-21 23:58:25'),
    (7,7,'ySCWAAeYJvFjIA3Ih5A9CSx47NHxWT',2962.5,'2023-11-21 23:58:25','2023-11-21 23:58:25'),
    (8,8,'eLvxj2Cm2LbBMMI679Zl39Qllz6VEQ',2600.5,'2023-11-21 23:58:25','2023-11-21 23:58:25'),
    (9,9,'maAdMTHsmCgZqIOqJz6cBi98gpfhOQ',4614.5,'2023-11-21 23:58:25','2023-11-21 23:58:25'),
    (10,10,'0tEoo6ApNXdKH5aQtZbOAJ4FVPeHP3',6342.5,'2023-11-21 23:58:25','2023-11-21 23:58:25'),
    (11,11,'mtwy0YZZ4TQDPZgCdy2nOYgpj9DFD1',0.25,'2023-11-21 23:58:25','2023-11-21 23:58:25'),
    (12,12,'W3KRMcOKBp7ZjaZEZs6xosYE8JnuEL',0.19,'2023-11-21 23:58:25','2023-11-21 23:58:25'),
    (13,13,'SUBXlvFyQSkoQNZfiAGjCzo2CqboCS',595.5,'2023-11-21 23:58:25','2023-11-21 23:58:25'),
    (14,14,'cnJk4C0c29QzCjVhsidytGLSWfl0Mw',8652,'2023-11-21 23:58:25','2023-11-21 23:58:25'),
    (15,15,'lZ0pxnbUO05Cmvj5nVl5toaQsuapU6',0.15,'2023-11-21 23:58:25','2023-11-21 23:58:25'),
    (16,16,'TM3dYw47EhkeruqjMhPH2GaAimoVEm',5245,'2023-11-21 23:58:25','2023-11-21 23:58:25'),
    (17,17,'0y0hAk1XOTBbPcuPnxQvq4UplueNx6',5054,'2023-11-21 23:58:25','2023-11-21 23:58:25'),
    (18,18,'40NjQ5Ktst5YbnSrqHETFqOTj9llC6',558.5,'2023-11-21 23:58:25','2023-11-21 23:58:25'),
    (19,19,'jRY61SER08wsoswgkCAT34iw54AJhC',1716,'2023-11-21 23:58:25','2023-11-21 23:58:25'),
    (20,20,'yrrhmfIN83G8VwkVLgfFpz3yhgSAAc',6235,'2023-11-21 23:58:25','2023-11-21 23:58:25'),
    (21,21,'pegsfjKvBg5wW1twdPPQGwCu3uRFj9',4892.5,'2023-11-21 23:58:25','2023-11-21 23:58:25'),
    (22,22,'JanyVER0GmE1D4RT3nDYX1Wl9XP9rM',0.11,'2023-11-21 23:58:25','2023-11-21 23:58:25'),
    (23,23,'7NbhrTytv8fTLdIY8VtjeAjJz7HGP7',853,'2023-11-21 23:58:25','2023-11-21 23:58:25'),
    (24,24,'mWsLF1RNAODaWXie4JXlXKwyXE8nog',9642.5,'2023-11-21 23:58:25','2023-11-21 23:58:25'),
    (25,25,'T7BbY0gf5lQouiEqyoKuKVOmj7gu4i',0.08,'2023-11-21 23:58:25','2023-11-21 23:58:25'),
    (26,26,'1RxdJ5WU5EVKc9HTOODVmvmxxWJfPr',801.5,'2023-11-21 23:58:25','2023-11-21 23:58:25'),
    (27,27,'UEkdIjzQ2nKmu68YG4Ug2xADhOQ9Mf',950,'2023-11-21 23:58:25','2023-11-21 23:58:25'),
    (28,28,'wMQc0NbsMpGIW8wQ9h9VL4D6jccHal',9853.5,'2023-11-21 23:58:25','2023-11-21 23:58:25'),
    (29,29,'KvvWohYQaMq1aTPl4pH9bVrRpiDuLS',1570.5,'2023-11-21 23:58:25','2023-11-21 23:58:25'),
    (30,30,'q7jP20Cz9oHWrAFKwtHgX2akaXp33J',7267.5,'2023-11-21 23:58:25','2023-11-21 23:58:25'),
    (31,31,'A4Nwk0HGTCYLXlQiNjEi77ENtKYliA',1555.5,'2023-11-21 23:58:25','2023-11-21 23:58:25'),
    (32,32,'9yxYZGdtd25a2dFEZ2A3ygVzmCa8Hn',1569.5,'2023-11-21 23:58:25','2023-11-21 23:58:25'),
    (33,33,'1C4UUPpqlG4M8egAG2ImmchDYaibRz',0.06,'2023-11-21 23:58:25','2023-11-21 23:58:25'),
    (34,34,'3CTEU7c0Gt19zjLvBVw7Yt7e14JNDF',0.05,'2023-11-21 23:58:25','2023-11-21 23:58:25'),
    (35,35,'SxatU8w8OqrhOsdPCwOWWapc2mWr0N',2106.5,'2023-11-21 23:58:25','2023-11-21 23:58:25'),
    (36,36,'TykTla7P31Y4vxweNDRprcuATmx0CI',0.1,'2023-11-21 23:58:25','2023-11-21 23:58:25'),
    (37,37,'bNThGpH5rgE3iNTgl6onGbB1Y9GweU',3192.5,'2023-11-21 23:58:25','2023-11-21 23:58:25'),
    (38,38,'23BsGtI1nqRk8Y9O2AP3G2kKXm4mH2',8802.5,'2023-11-21 23:58:25','2023-11-21 23:58:25'),
    (39,39,'2xQmcw9Dtz9qgszFFZUjr08MWXyV92',0.15,'2023-11-21 23:58:25','2023-11-21 23:58:25'),
    (40,40,'1stTvE1I5hJfAStCAEpr1XukAZmc9i',5487.5,'2023-11-21 23:58:25','2023-11-21 23:58:25'),
    (41,41,'TWeJjQOGeMP5V8UTCBEsjd4NIg0hjR',0.17,'2023-11-21 23:58:25','2023-11-21 23:58:25'),
    (42,42,'UbyTfqCfQSr4QWin5iYcl2SvGjsjCS',0.14,'2023-11-21 23:58:25','2023-11-21 23:58:25'),
    (43,43,'9Szeo44VbNaCevqztskmtKT1Xln5pw',1101.5,'2023-11-21 23:58:25','2023-11-21 23:58:25'),
    (44,44,'bWNamaKgB73cMUcsn4RTcXvkbCfQEl',2995.5,'2023-11-21 23:58:25','2023-11-21 23:58:25'),
    (45,45,'BWhP2ci6wJ6pfFzQoBkn6thKnm651X',5189.5,'2023-11-21 23:58:25','2023-11-21 23:58:25'),
    (46,46,'eUlKsKsY75ko2Zzj5GVFDgwmrkmVq4',3518,'2023-11-21 23:58:25','2023-11-21 23:58:25'),
    (47,47,'3dfNxJSFCliSx2ESpkeaWrqwquxyS7',0.18,'2023-11-21 23:58:25','2023-11-21 23:58:25'),
    (48,48,'LMff5KzMZ3aOqG24zg8MWzz6wfYDeS',0.29,'2023-11-21 23:58:25','2023-11-21 23:58:25'),
    (49,49,'ohodG6Z4bpLxJXWv41IUGV7tzPmazc',3454.5,'2023-11-21 23:58:25','2023-11-21 23:58:25'),
    (50,50,'H4GFJydXk5QKEKYPjaFxKIdGI0ulBb',6280,'2023-11-21 23:58:25','2023-11-21 23:58:25'),
    (51,51,'oGQxPVRdEzce3YnbrE2338yy193Pau',2653,'2023-11-21 23:58:25','2023-11-21 23:58:25'),
    (52,52,'MPxXh9ApsNjerfzZL4KEGFO3Bj2MtW',3376,'2023-11-21 23:58:25','2023-11-21 23:58:25'),
    (53,53,'oPJHgGZORXzxKHZhHt8SmMKIqZfEHl',7910.5,'2023-11-21 23:58:25','2023-11-21 23:58:25'),
    (54,54,'VdNoURjpSJfZZyPAbxAYx9Lp2hzDzP',4113.5,'2023-11-21 23:58:25','2023-11-21 23:58:25'),
    (55,55,'ZdtzXmYIP39A84xWbQQwApRLIvJN6c',1426,'2023-11-21 23:58:25','2023-11-21 23:58:25'),
    (56,56,'CoG0sk6poIPjxU30NnALpqigsg0khB',8040.5,'2023-11-21 23:58:25','2023-11-21 23:58:25'),
    (57,57,'KDsrdozjWbN6vOiehpEn4Xf09bk17l',5364.5,'2023-11-21 23:58:25','2023-11-21 23:58:25'),
    (58,58,'dTBqJPzh0hW7DIugYVKnXWFjeb8Iba',5965,'2023-11-21 23:58:25','2023-11-21 23:58:25'),
    (59,59,'aDkRM0zKXJdfXT8OBCeSAyVoYb0ufQ',0.23,'2023-11-21 23:58:25','2023-11-21 23:58:25'),
    (60,60,'SABg0iCZmH2rrVKOccykCiTrrHHyA2',4627.5,'2023-11-21 23:58:25','2023-11-21 23:58:25'),
    (61,61,'iClyz4HpWTnbQwMnh5ZveCf4UWm6i7',6501,'2023-11-21 23:58:25','2023-11-21 23:58:25'),
    (62,62,'i8c44TDGuFvei2DyT9ev8Gg3Ooki4b',0.24,'2023-11-21 23:58:25','2023-11-21 23:58:25'),
    (63,63,'yeGSQJdjjJC0HZPTrwlaqXBbo1qmty',0.24,'2023-11-21 23:58:25','2023-11-21 23:58:25'),
    (64,64,'ZQ4t7wRCFG3bxxxuCQunpzX2g5sFmY',9058.5,'2023-11-21 23:58:25','2023-11-21 23:58:25'),
    (65,65,'DbFE1Q82HabiwjTOue8T6ImtrRvJ0Q',9555,'2023-11-21 23:58:25','2023-11-21 23:58:25'),
    (66,66,'OlCbKtqXjwU8oROst1jw7lk565bvJ7',1619.5,'2023-11-21 23:58:25','2023-11-21 23:58:25'),
    (67,67,'jCEjaD89aDcVMkTGjWdOCtmidaRMLK',0.1,'2023-11-21 23:58:25','2023-11-21 23:58:25'),
    (68,68,'f4kPN2tRTTaRngiiTRG6bF87Erv4Vt',4805,'2023-11-21 23:58:25','2023-11-21 23:58:25'),
    (69,69,'mAOXS5P2pekCGbjwamXCjbqfVeW1rP',0.24,'2023-11-21 23:58:25','2023-11-21 23:58:25'),
    (70,70,'s1ZH3Zm34QaXCczUgrNSBqlLQc2zZz',8960.5,'2023-11-21 23:58:25','2023-11-21 23:58:25'),
    (71,71,'eHB3EHPeWm8zxFxl6Wj808tBKACZWp',9820,'2023-11-21 23:58:25','2023-11-21 23:58:25'),
    (72,72,'uX7HmncX9j7ZRaC9YCU2nMySB4lUvE',2354.5,'2023-11-21 23:58:25','2023-11-21 23:58:25'),
    (73,73,'4oXW52andZOM4P8dyXW1lNYLyFEaTH',4184,'2023-11-21 23:58:25','2023-11-21 23:58:25'),
    (74,74,'bZ6XYWEQzQQ9HFXjDItRV8dJEmMg0X',3318,'2023-11-21 23:58:25','2023-11-21 23:58:25'),
    (75,75,'YUorH1wZpNUYSQ9AIXS4fJSQz0wAhY',5784.5,'2023-11-21 23:58:25','2023-11-21 23:58:25'),
    (76,76,'aCkjXx2m1mOZLrTc3ZfCYpzkG7s1cZ',0.04,'2023-11-21 23:58:25','2023-11-21 23:58:25'),
    (77,77,'CbHPUQDYGbJzWx1X1lV9jY5GahvCCy',0.08,'2023-11-21 23:58:25','2023-11-21 23:58:25'),
    (78,78,'5OacwhJZkPKF6nXhVUyk4x0u1kIv55',7286,'2023-11-21 23:58:25','2023-11-21 23:58:25'),
    (79,79,'itWk45ErGqfEDr2vXgLJN5xaW9YqGL',2961.5,'2023-11-21 23:58:25','2023-11-21 23:58:25'),
    (80,80,'RkkRmY1Lo99X3eRfZvxPd8A4EvEEO6',6136.5,'2023-11-21 23:58:25','2023-11-21 23:58:25'),
    (81,81,'E99brpb477nzrpJc58uVWQcG6cNNfc',8151,'2023-11-21 23:58:25','2023-11-21 23:58:25'),
    (82,82,'4YMVydPp7XHJlXZffUPx4yvwKMDgvQ',2792.5,'2023-11-21 23:58:25','2023-11-21 23:58:25'),
    (83,83,'ceQFCRjRs87nMTrShMtwSoJFJbA6XY',0.11,'2023-11-21 23:58:25','2023-11-21 23:58:25'),
    (84,84,'ukPSlsHNmj2KdkfWi9K526H7XCMqEh',0.24,'2023-11-21 23:58:25','2023-11-21 23:58:25'),
    (85,85,'y992Th0wvpklUFD3YNmvnEFj7zf7hz',7731.5,'2023-11-21 23:58:25','2023-11-21 23:58:25'),
    (86,86,'aMCAqg9z973EJYjAcWpY41OWXEli4O',0.13,'2023-11-21 23:58:25','2023-11-21 23:58:25'),
    (87,87,'RswLHHa7xxnhmL92TSt3lNftq0rBq9',0.05,'2023-11-21 23:58:25','2023-11-21 23:58:25'),
    (88,88,'BS1v60Hjg9Ty5XkQ26VEwaU1lqWGIK',6607,'2023-11-21 23:58:25','2023-11-21 23:58:25'),
    (89,89,'vm0lykjl2K2bGVJnPRZB1UYr95iy8N',9384.5,'2023-11-21 23:58:25','2023-11-21 23:58:25'),
    (90,90,'XS64KX3yB05A3oxvUJDo86nbFDniiy',0.03,'2023-11-21 23:58:25','2023-11-21 23:58:25'),
    (91,91,'WihgxYAVoethQXbBnhU8oAQgResEI8',8468.5,'2023-11-21 23:58:25','2023-11-21 23:58:25'),
    (92,92,'7mHfeIWtUyScth4OwVwkORgXGNHIhe',7060.5,'2023-11-21 23:58:25','2023-11-21 23:58:25'),
    (93,93,'AwUkdGNpCN7WXPoxitVIglGMdQUtoF',0.02,'2023-11-21 23:58:25','2023-11-21 23:58:25'),
    (94,94,'5F5P9fpTIRtk7i3TVlWURrdfwi5vDA',9092.5,'2023-11-21 23:58:25','2023-11-21 23:58:25'),
    (95,95,'AFMFIqsUg8B0EQEIS3sChx5b57QDgl',8610.5,'2023-11-21 23:58:25','2023-11-21 23:58:25'),
    (96,96,'ZUZJn5XjH5hhkRBNTEPzgF3wB4rr5T',4930,'2023-11-21 23:58:25','2023-11-21 23:58:25'),
    (97,97,'PFGwcA5LDHSJ85ceq6dkgljqGOz732',0.1,'2023-11-21 23:58:25','2023-11-21 23:58:25'),
    (98,98,'2jMed8aAtSIHYfZ7Psa9zPfdBsWv0H',2483,'2023-11-21 23:58:25','2023-11-21 23:58:25'),
    (99,99,'SOFdqbPuRt3sECo6n09U5tJlYLnq9j',0.16,'2023-11-21 23:58:25','2023-11-21 23:58:25'),
    (100,100,'wZ9jLv6jFud60vfF5iLn9SNrD2mEPd',0.13,'2023-11-21 23:58:25','2023-11-21 23:58:25'),
    (101,101,'CW9CnTzSKQzFB6aHjrrIzCRTeMIfBh',0.25,'2023-11-21 23:58:25','2023-11-21 23:58:25'),
    (102,102,'HUwQWezC51bg6pM5zxGRUT6aJeP9z4',0.15,'2023-11-21 23:58:25','2023-11-21 23:58:25'),
    (103,103,'ZJMD2vMowVOzACmQyp8XrF0g0oKjV6',0.17,'2023-11-21 23:58:25','2023-11-21 23:58:25'),
    (104,104,'cexh2wv8NUSEFoDp0fDeILNGtKknak',3302,'2023-11-21 23:58:25','2023-11-21 23:58:25'),
    (105,105,'kpeJVQi2JlBN6MbVvXp3H0COxahubH',9619.5,'2023-11-21 23:58:25','2023-11-21 23:58:25'),
    (106,106,'0XGN2LJ7O5sv4aKfYnrM4dmmBMnzFk',0.08,'2023-11-21 23:58:25','2023-11-21 23:58:25'),
    (107,107,'361GVxCl8g8ELGArQ9NM0HUgQPBUL0',8068,'2023-11-21 23:58:25','2023-11-21 23:58:25'),
    (108,108,'xW5u5g7x1pa3GnhAP97hubixasvavj',6295,'2023-11-21 23:58:25','2023-11-21 23:58:25'),
    (109,109,'iUYkq0Z6HePYFRv9u2KbCK0HRsvj26',0.05,'2023-11-21 23:58:25','2023-11-21 23:58:25'),
    (110,110,'UrCSIjdeJsVbeYNRBnbunElQNfNqCj',0.02,'2023-11-21 23:58:25','2023-11-21 23:58:25'),
    (111,111,'50BYTDzabynR5erByM7SpcEZtVXbit',4341,'2023-11-21 23:58:25','2023-11-21 23:58:25'),
    (112,112,'ANJVUSebsFSwsXDOVPgT9cmIoJTj0l',0.08,'2023-11-21 23:58:25','2023-11-21 23:58:25'),
    (113,113,'YjBqMWWbbqyp62t0wL445QqAD48kUX',7167.5,'2023-11-21 23:58:25','2023-11-21 23:58:25'),
    (114,114,'OLBuN1TpXKR3QiXd6BXyocTfgW1g4h',7757.5,'2023-11-21 23:58:25','2023-11-21 23:58:25'),
    (115,115,'6LhVeysJ8mDvE6l2T1gRFVCjamZC97',2073.5,'2023-11-21 23:58:25','2023-11-21 23:58:25'),
    (116,116,'UxudXwg3vT5BZAIypoJlVjhSRwf4zt',9491.5,'2023-11-21 23:58:25','2023-11-21 23:58:25'),
    (117,117,'899jVvREmUvFJQdW5ABzccrOeUlGIx',2337.5,'2023-11-21 23:58:25','2023-11-21 23:58:25'),
    (118,118,'5tffm4MlTzfxwN4HMrxu1NHUgnOKrs',4207.5,'2023-11-21 23:58:25','2023-11-21 23:58:25'),
    (119,119,'ED3i036UrWatuUf8F2HrRqwJqA0o0F',4178,'2023-11-21 23:58:25','2023-11-21 23:58:25'),
    (120,120,'SCM9KcLXDS6Jl0PzT8wD7GotEHCvvF',1597,'2023-11-21 23:58:25','2023-11-21 23:58:25'),
    (121,121,'AmUe0YuY1bqtA5sziwHK1RVnDhiYBD',6250.5,'2023-11-21 23:58:25','2023-11-21 23:58:25'),
    (122,122,'E7lrDHDPwwKAPf7QfFQXDq3Z4yHrQZ',8723.5,'2023-11-21 23:58:25','2023-11-21 23:58:25'),
    (123,123,'MfrxMGzp37uHkKZET7lWuVXJJb3AFX',668,'2023-11-21 23:58:25','2023-11-21 23:58:25'),
    (124,124,'KMobd6LwgIqTPDL9ACeBf4rNMdABuN',0.05,'2023-11-21 23:58:25','2023-11-21 23:58:25'),
    (125,125,'XHP3aj1JY5ESI4MwmMWFhdaxThgrz0',0.08,'2023-11-21 23:58:25','2023-11-21 23:58:25'),
    (126,126,'1wJsoQVPdD0nXtoEJ2mG3fI61OokRG',2228.5,'2023-11-21 23:58:25','2023-11-21 23:58:25'),
    (127,127,'H8oop1iFn8dTNPSH5342DrUqLIBrgc',8859,'2023-11-21 23:58:25','2023-11-21 23:58:25'),
    (128,128,'edNx24TgIPHqG5Tshg72Cr06DE3cow',0.26,'2023-11-21 23:58:25','2023-11-21 23:58:25'),
    (129,129,'26pAhdJ47bL7ch3NBlyrGyXk4lirFR',6094,'2023-11-21 23:58:25','2023-11-21 23:58:25'),
    (130,130,'wOFX0ykDUD6Cfu4y3qecKzMdCpAp48',3679,'2023-11-21 23:58:25','2023-11-21 23:58:25'),
    (131,131,'ToQOKYjxptu0HCTIV7ZQe73GOvgi9w',7668,'2023-11-21 23:58:25','2023-11-21 23:58:25'),
    (132,132,'KdvhxdAxWfiZ30MuIQ06I4mBHjZi4t',1538,'2023-11-21 23:58:25','2023-11-21 23:58:25'),
    (133,133,'uNlSE8gzAHM5C7NoZNG0s4XXvM6C1I',9640,'2023-11-21 23:58:25','2023-11-21 23:58:25'),
    (134,134,'SFjemItLkYHBe9jY5EM6yn0JwuHdTU',9101,'2023-11-21 23:58:25','2023-11-21 23:58:25'),
    (135,135,'J8NwomdMEaAdE2pLhQtRyAdMrDHXEs',4570.5,'2023-11-21 23:58:25','2023-11-21 23:58:25'),
    (136,136,'hc5NqWyoxMqXgL4jdbO2c5iWzR2wnN',6059,'2023-11-21 23:58:25','2023-11-21 23:58:25'),
    (137,137,'UJTIjZSy1tzgygohNAcofmIaS4OFXv',0.15,'2023-11-21 23:58:25','2023-11-21 23:58:25'),
    (138,138,'ezATbu8YCLmlET8oWV0k5g3ETBTLpy',0.05,'2023-11-21 23:58:25','2023-11-21 23:58:25'),
    (139,139,'sAJNk2fDPLzkKYBJY86RS7PTGmLKXk',3020,'2023-11-21 23:58:25','2023-11-21 23:58:25'),
    (140,140,'m2XJmvXiiBRWuvyAwIGUatwEo6jAjU',0.13,'2023-11-21 23:58:25','2023-11-21 23:58:25'),
    (141,141,'gOdkvCEebWVxLwGZzQzgNA1qfzbNVe',0.19,'2023-11-21 23:58:25','2023-11-21 23:58:25'),
    (142,142,'fk8ateGmz8jwixkAPwA2wsQGg1bwpg',5334,'2023-11-21 23:58:25','2023-11-21 23:58:25'),
    (143,143,'WafGF7HvCbk9QKkJ08KNiTnNpSaco4',7662,'2023-11-21 23:58:25','2023-11-21 23:58:25'),
    (144,144,'50p3RBCADJSG40ifTHYm4U5prTVtJq',0.19,'2023-11-21 23:58:25','2023-11-21 23:58:25'),
    (145,145,'0yrAn9WDUBo6L0g10UfabbUqInCHLt',0.27,'2023-11-21 23:58:25','2023-11-21 23:58:25'),
    (146,146,'IjIMTKbulwFmDbGShpXiuHbEogOTbI',0.21,'2023-11-21 23:58:25','2023-11-21 23:58:25'),
    (147,147,'WjA1rGP39Kk3hCekxJFrvnQXY7vvB2',1644,'2023-11-21 23:58:25','2023-11-21 23:58:25'),
    (148,148,'q3OvodVOaFnqJHGyqAVbvR516H7HRF',6362.5,'2023-11-21 23:58:25','2023-11-21 23:58:25'),
    (149,149,'Lz0jP1DfYffESCYV0i6id655InA5oO',3557,'2023-11-21 23:58:25','2023-11-21 23:58:25'),
    (150,150,'M4aa7grBdAcLEZmvWgjowAI37wwH6w',4287,'2023-11-21 23:58:25','2023-11-21 23:58:25'),
    (151,151,'UFOk2tOakrl1AfNAPbMNp2s7Qj0nCl',2759.5,'2023-11-21 23:58:25','2023-11-21 23:58:25'),
    (152,152,'XcT68P7FLfWwhpShlqt5xEYELfsYlJ',0.02,'2023-11-21 23:58:25','2023-11-21 23:58:25'),
    (153,153,'hKXxrYSm05Puo5fAcFdT8X5kKkh03A',0.03,'2023-11-21 23:58:25','2023-11-21 23:58:25'),
    (154,154,'eojikls1BSLP1xpreDilHReyQV452b',3841.5,'2023-11-21 23:58:25','2023-11-21 23:58:25'),
    (155,155,'N79v5IfyprOWTGdt5qQLJSAhBV1Uy8',4787,'2023-11-21 23:58:25','2023-11-21 23:58:25'),
    (156,156,'uo3eCB2HNzKLRZUios916Buu8H16gj',0.02,'2023-11-21 23:58:25','2023-11-21 23:58:25'),
    (157,157,'AcbiCGwVXNkrTwCz6NTXIoJckQUSqO',6301.5,'2023-11-21 23:58:25','2023-11-21 23:58:25'),
    (158,158,'XIUaMwBP0TgW9RW1CgoTxyiX4QIcAj',0.2,'2023-11-21 23:58:25','2023-11-21 23:58:25'),
    (159,159,'yoeoAM0HEzfQaRlMAdPoTjIBjrnwCR',581,'2023-11-21 23:58:25','2023-11-21 23:58:25'),
    (160,160,'OD8ULjH4VX3UDPCzbFSnheiNcevxrN',0.16,'2023-11-21 23:58:25','2023-11-21 23:58:25'),
    (161,161,'tAtPaq4zFDXeKeJcfJFHmlVFNow6iZ',4597,'2023-11-21 23:58:25','2023-11-21 23:58:25'),
    (162,162,'zN6UXsKLgPdbYT1sMKO3hxAEafoZoq',1044,'2023-11-21 23:58:25','2023-11-21 23:58:25'),
    (163,163,'cC7THRTJMy5WXiXQwXmTuHdAsapewO',4849.5,'2023-11-21 23:58:25','2023-11-21 23:58:25'),
    (164,164,'W6ZJMT7kdg0WrT4ucCXO3kCrXw4FZ6',2848.5,'2023-11-21 23:58:25','2023-11-21 23:58:25'),
    (165,165,'MzZByWs30yTmWBg8X57Z7413cMbfRV',0.1,'2023-11-21 23:58:25','2023-11-21 23:58:25'),
    (166,166,'EtzO9u8RgcSODKzlnaZONBxxYSCEeY',6882,'2023-11-21 23:58:25','2023-11-21 23:58:25'),
    (167,167,'xSWw57KlTpusYqxXxoCpDDQgXynmw6',992.5,'2023-11-21 23:58:25','2023-11-21 23:58:25'),
    (168,168,'J925KHIMfB1OrUVMJ5I2HlQzcFMTCN',0.06,'2023-11-21 23:58:25','2023-11-21 23:58:25'),
    (169,169,'y3boc0rszIB1pCPilTzuWLQfPANxNX',0.18,'2023-11-21 23:58:25','2023-11-21 23:58:25'),
    (170,170,'BEBdH0Oe0T5xxUHJ8m6HY9bGkQWwgW',4299.5,'2023-11-21 23:58:25','2023-11-21 23:58:25'),
    (171,171,'ae1Jr5mjIBFmpnZksTu49Ss3tIqzLg',3310.5,'2023-11-21 23:58:25','2023-11-21 23:58:25'),
    (172,172,'ffPrQrYXpC1l4Plg90KUQYO3KSPxD5',4580.5,'2023-11-21 23:58:25','2023-11-21 23:58:25'),
    (173,173,'RT1Nu4DytuBnBVeEWk2BmEM7jeOGSO',6396.5,'2023-11-21 23:58:25','2023-11-21 23:58:25'),
    (174,174,'RpgGMApvobSuNVWiwEg3I8mv6kxw5Q',0.05,'2023-11-21 23:58:25','2023-11-21 23:58:25'),
    (175,175,'ztSieujgbFAxmaGMAGQpPIXbM6L3Nh',0.1,'2023-11-21 23:58:25','2023-11-21 23:58:25'),
    (176,176,'aBPTpWIpOypVVZNvzmJxcXXYO8w12J',3835.5,'2023-11-21 23:58:25','2023-11-21 23:58:25'),
    (177,177,'EuQ8ZRXWrlEOm2VgbR2T2Up0jX0UnH',1289.5,'2023-11-21 23:58:25','2023-11-21 23:58:25'),
    (178,178,'uAm97Yx4VkQKCoEDhT5JGUyL1Ko989',8956.5,'2023-11-21 23:58:25','2023-11-21 23:58:25'),
    (179,179,'sGoxxcANqlMCA8DP9Vjta6H9Y38ff9',6204.5,'2023-11-21 23:58:25','2023-11-21 23:58:25'),
    (180,180,'sOBpxZuVDJSBxLRoBpqBFeGiDJkF1O',7251.5,'2023-11-21 23:58:25','2023-11-21 23:58:25'),
    (181,181,'EjbEaVirMSOVe7LH9YfBG6cko6VmKp',0.26,'2023-11-21 23:58:25','2023-11-21 23:58:25'),
    (182,182,'ZXf4GyrjHPZkuJlrvLr0DBZp8dXJKY',4781.5,'2023-11-21 23:58:25','2023-11-21 23:58:25'),
    (183,183,'OmHbLmLcFukplNZQ8ChJeYbAMqEk2y',0.25,'2023-11-21 23:58:25','2023-11-21 23:58:25'),
    (184,184,'oDsITuMOlOtxlC7DnhqDQEULSbxYTh',3966,'2023-11-21 23:58:25','2023-11-21 23:58:25'),
    (185,185,'DuxBjNNCRhFpUFz5iuJVW22YpbaKgn',9321.5,'2023-11-21 23:58:25','2023-11-21 23:58:25'),
    (186,186,'WSSzAaADWLjvpKTIjPQA0Jgq5tWd6z',0.12,'2023-11-21 23:58:25','2023-11-21 23:58:25'),
    (187,187,'URQ76ty8wYNtresnWV5fnjZtqUSeco',0.26,'2023-11-21 23:58:25','2023-11-21 23:58:25'),
    (188,188,'gXTnqyfL9uXAjyuJHo6xoMux5GhImC',6976.5,'2023-11-21 23:58:25','2023-11-21 23:58:25'),
    (189,189,'4sdoGT18WaHUNSav33MOcbYHZvq9HG',0.26,'2023-11-21 23:58:25','2023-11-21 23:58:25'),
    (190,190,'bvoPSPixM0MNfqRkXvehe2IREepLia',0.2,'2023-11-21 23:58:25','2023-11-21 23:58:25'),
    (191,191,'INDONS5kE2NkboqNKnjnlhigMeGtPv',0.19,'2023-11-21 23:58:25','2023-11-21 23:58:25'),
    (192,192,'Y5ixhvCw1q6RqVDJzqkS8KZxPaSFWX',0.09,'2023-11-21 23:58:25','2023-11-21 23:58:25'),
    (193,193,'TEqfiUFdSE2wGlLlfXE6LuTQ0Qr1jg',3939,'2023-11-21 23:58:25','2023-11-21 23:58:25'),
    (194,194,'ZzNDMnAtcjM3fDT1rNroL8uLZeZfmx',0.05,'2023-11-21 23:58:25','2023-11-21 23:58:25'),
    (195,195,'buPqA8ee3rkDmmsRXUbOSNqPRB5eZV',3280,'2023-11-21 23:58:25','2023-11-21 23:58:25'),
    (196,196,'ZiAhJNm18xg59cCVzmQoaHyziEOeSd',4858,'2023-11-21 23:58:25','2023-11-21 23:58:25'),
    (197,197,'GZx7GJgdDhF1dIpdYhLhTshwB2X5ik',8312,'2023-11-21 23:58:25','2023-11-21 23:58:25'),
    (198,198,'UpFvOHxyro19gYbLxUMlIB6tebaRXe',4747.5,'2023-11-21 23:58:25','2023-11-21 23:58:25'),
    (199,199,'bdz2Qal10jFjdQIlyiBfhzteTEJYw6',736.5,'2023-11-21 23:58:25','2023-11-21 23:58:25'),
    (200,200,'0v3sTUc7pn6PZEdd7QhfQXtME2GqYB',2046,'2023-11-21 23:58:25','2023-11-21 23:58:25'),
    (201,201,'4u4sFvi9AdYcyidl3GUeWpT8bajKIW',3010,'2023-11-21 23:58:25','2023-11-21 23:58:25'),
    (202,202,'WQc6ZKGN6IB4u2oGvQzVWgd9pQMfzD',0.08,'2023-11-21 23:58:25','2023-11-21 23:58:25'),
    (203,203,'Xq1ytCQtWhIMzFXH1bqfSkNeGy7pVk',0.03,'2023-11-21 23:58:25','2023-11-21 23:58:25'),
    (204,204,'snH1n6Ajk4bX8MEcw37BiBi50HGpPX',0.07,'2023-11-21 23:58:25','2023-11-21 23:58:25'),
    (205,205,'ebQNLxL1sqXh17rDfHuHMe1J6Sv2xX',7638,'2023-11-21 23:58:25','2023-11-21 23:58:25'),
    (206,206,'9p0lnTcePzdLnZ9HtVPRIPNopRK58b',3827.5,'2023-11-21 23:58:25','2023-11-21 23:58:25'),
    (207,207,'V8tBVJaAWKKAkPMRwgmukcrogYxQH2',9399,'2023-11-21 23:58:25','2023-11-21 23:58:25'),
    (208,208,'OvhdoteMeF6LNHzFqQJwKecWNBOIAN',2169.5,'2023-11-21 23:58:25','2023-11-21 23:58:25'),
    (209,209,'mFONvptOASmQ0xaAMLt1waRmoib88n',4820.5,'2023-11-21 23:58:25','2023-11-21 23:58:25'),
    (210,210,'WJngY3mTwP0CJyOGwk7v5GzoT7qqBe',7951,'2023-11-21 23:58:25','2023-11-21 23:58:25'),
    (211,211,'7sm8Rp4M00nFYztR15ebLCpMDtPHDq',6853,'2023-11-21 23:58:25','2023-11-21 23:58:25'),
    (212,212,'sbeoaLtlB3ll4mmy7yQzgimM5yMc3l',4753,'2023-11-21 23:58:25','2023-11-21 23:58:25'),
    (213,213,'UCIVgGpC2OR9ibYFdbpTZEgXLFMJbV',6000.5,'2023-11-21 23:58:25','2023-11-21 23:58:25'),
    (214,214,'0kYblRVsuSDH09P2LTIcyWOzuwNrSG',5338,'2023-11-21 23:58:25','2023-11-21 23:58:25'),
    (215,215,'nqeRJlYPNdv4bLpJLuawYQC7C64n8R',0.19,'2023-11-21 23:58:25','2023-11-21 23:58:25'),
    (216,216,'RxtkqikyLsC4T1hD1qqyDNLUOgv4l3',3928,'2023-11-21 23:58:25','2023-11-21 23:58:25'),
    (217,217,'zj0BZclLyav6UyYour9jEIdx14LUEM',5675.5,'2023-11-21 23:58:25','2023-11-21 23:58:25'),
    (218,218,'2eonH5KmVB9wTTML0NRUaFSNUi7jH3',6962.5,'2023-11-21 23:58:25','2023-11-21 23:58:25'),
    (219,219,'n2yBxJXem6NejGfUck0CUbP8eTbklm',0.16,'2023-11-21 23:58:25','2023-11-21 23:58:25'),
    (220,220,'rHFiGCpzU3ygqWcdL0RVRYQ4Y4sxgR',511.5,'2023-11-21 23:58:25','2023-11-21 23:58:25'),
    (221,221,'uWkhsJxFv7ymKG1N9d4V0pbPI3qnbw',0.06,'2023-11-21 23:58:25','2023-11-21 23:58:25'),
    (222,222,'21L9excVgMc5rChZsLItauUWVXHhbf',4489,'2023-11-21 23:58:25','2023-11-21 23:58:25'),
    (223,223,'cEdQ8TqYFPw7rkGuM9dMTIkCeESKv0',2402,'2023-11-21 23:58:25','2023-11-21 23:58:25'),
    (224,224,'6HBsG2NsR8B6VqR2Y6tyDKL5sth1La',0.02,'2023-11-21 23:58:25','2023-11-21 23:58:25'),
    (225,225,'b3d3kusVevrI7oHuNm8gmPPrXJOnqI',0.24,'2023-11-21 23:58:25','2023-11-21 23:58:25'),
    (226,226,'18jeJlppmRftKV1zPf2daDvREbWNHn',0.28,'2023-11-21 23:58:25','2023-11-21 23:58:25'),
    (227,227,'qyqZcEcw5qghlx4tMmNZDSBWQ3gRWR',0.18,'2023-11-21 23:58:25','2023-11-21 23:58:25'),
    (228,228,'6VHN4IexoNZyt089EJrAhbQ91n7Y2l',9549,'2023-11-21 23:58:25','2023-11-21 23:58:25'),
    (229,229,'j2emL4NrdndFLLqUJaGKOji0WDEWDd',0.04,'2023-11-21 23:58:25','2023-11-21 23:58:25'),
    (230,230,'mQ6uQvV2S7IE8e0XqnOwQVMb1Z5TM5',1478,'2023-11-21 23:58:25','2023-11-21 23:58:25'),
    (231,231,'V6NTrftRoay5pu9B2awfAK7h5Do2k2',1828.5,'2023-11-21 23:58:25','2023-11-21 23:58:25'),
    (232,232,'QJAD1Kb9gPwCVgskuw82E9xs9LWK7X',0.27,'2023-11-21 23:58:25','2023-11-21 23:58:25'),
    (233,233,'su6x2LwTnglOiBrJbPZ5Ie3olHjqtL',0.27,'2023-11-21 23:58:25','2023-11-21 23:58:25'),
    (234,234,'uaoEspcnKQdjx5BEfwORZm44zAgmVA',4818.5,'2023-11-21 23:58:25','2023-11-21 23:58:25'),
    (235,235,'gid9qQVU0kf5ktBXytX5ZK6FydmZuw',4227,'2023-11-21 23:58:25','2023-11-21 23:58:25'),
    (236,236,'HtOHp1XjSXbuLKevRvk7mh5KYgLyyh',9758.5,'2023-11-21 23:58:25','2023-11-21 23:58:25'),
    (237,237,'pWNDutsFLv1NDcRMWNA7AHQ91D5O8p',0.07,'2023-11-21 23:58:25','2023-11-21 23:58:25'),
    (238,238,'ftJf0oAlm3ae1GjMU2Whp2uqtAqSBL',9334.5,'2023-11-21 23:58:25','2023-11-21 23:58:25'),
    (239,239,'32F5dTTFEHf0W9IC9mmizue7PHJof7',4268,'2023-11-21 23:58:25','2023-11-21 23:58:25'),
    (240,240,'kTzp26bkcr7v0UykNs9hFvT0T13TOB',0.26,'2023-11-21 23:58:25','2023-11-21 23:58:25'),
    (241,241,'NTV3LjsCZMjo9tMS6CxjZIY4vrhUuc',0.05,'2023-11-21 23:58:25','2023-11-21 23:58:25'),
    (242,242,'Ys3q7aT2lMHuB8Sh3XuVOHqEyGZ95l',4387.5,'2023-11-21 23:58:25','2023-11-21 23:58:25'),
    (243,243,'QFXXNAxCy6P4r9YWHPvZ8aShFYw6nv',0.03,'2023-11-21 23:58:25','2023-11-21 23:58:25'),
    (244,244,'BgXaqlcJVOI71TfCPivecQyyAFpLaj',0.17,'2023-11-21 23:58:25','2023-11-21 23:58:25'),
    (245,245,'rT1hAdggwyl8E5IM7GLAdUW5aFxaJI',874.5,'2023-11-21 23:58:25','2023-11-21 23:58:25'),
    (246,246,'XItIrR1FkI6cjmjoGdcErGF3Nuqm0p',4238,'2023-11-21 23:58:25','2023-11-21 23:58:25'),
    (247,247,'gSPCvnPTbCWjgiwuUopdsaTxdeqSJY',6410.5,'2023-11-21 23:58:25','2023-11-21 23:58:25'),
    (248,248,'EfvK96aqUvOFma4xUAPeqfDznLAQAO',7768,'2023-11-21 23:58:25','2023-11-21 23:58:25'),
    (249,249,'sltlj3DLRcQcwJwHKbRSvMLcXM9aKk',5221.5,'2023-11-21 23:58:25','2023-11-21 23:58:25'),
    (250,250,'fD1anEAiGOOvxuXQ94HEhZvu02lXSp',3367,'2023-11-21 23:58:25','2023-11-21 23:58:25'),
    (251,251,'ICVZk3VZaiRXwkwAiEBty1Ge5Y2Rje',7569.5,'2023-11-21 23:58:25','2023-11-21 23:58:25'),
    (252,252,'UBK7L6iTOHsw9wJFkJySPHmVsn9vpl',0.11,'2023-11-21 23:58:25','2023-11-21 23:58:25'),
    (253,253,'ayUVn6YFtBoitmME4pHFDvSOsm6VF8',4960,'2023-11-21 23:58:25','2023-11-21 23:58:25'),
    (254,254,'aFrI1VgCIfmIVWwaofPW53doBYl5rH',0.24,'2023-11-21 23:58:25','2023-11-21 23:58:25'),
    (255,255,'s7YMhsSTx6SrktR40PHRF2ghmaojbe',5960.5,'2023-11-21 23:58:25','2023-11-21 23:58:25'),
    (256,256,'BAiyKziZkVJnuNFieybgt0FJRo54HQ',1871,'2023-11-21 23:58:25','2023-11-21 23:58:25'),
    (257,257,'bSpFhnkJMUM9a2IwiZ9ggwSdc7XVHu',1066.5,'2023-11-21 23:58:25','2023-11-21 23:58:25'),
    (258,258,'iz623rjPfa2q0taRrONJC2VSUSPW9I',8614.5,'2023-11-21 23:58:25','2023-11-21 23:58:25'),
    (259,259,'wUXo9LcMUsqoukXiWU8cjPcZpUlWCP',0.18,'2023-11-21 23:58:25','2023-11-21 23:58:25'),
    (260,260,'uyJdoNlvbyR1o6xf8DWSSYj1nJpTHf',8786.5,'2023-11-21 23:58:25','2023-11-21 23:58:25'),
    (261,261,'8cPRlNnOkdEgNmVi9PIpPpukoXHZKL',8073,'2023-11-21 23:58:25','2023-11-21 23:58:25'),
    (262,262,'dCPxkBWXICAb5d86TYUctR3qLJ1MUf',4014,'2023-11-21 23:58:25','2023-11-21 23:58:25'),
    (263,263,'zSQB2Z6MY8rNfmeR8j1gFIFmsAAhqi',0.21,'2023-11-21 23:58:25','2023-11-21 23:58:25'),
    (264,264,'Wh3i8cfvOUZtzWbixxmRJi9eqd6GKC',0.22,'2023-11-21 23:58:25','2023-11-21 23:58:25'),
    (265,265,'Zrs0HEK7cXonJ3pNs3BjhQ0BBjARt3',5022,'2023-11-21 23:58:25','2023-11-21 23:58:25'),
    (266,266,'GreF5wRstD98e2MUzoFdg64520RkTb',0.03,'2023-11-21 23:58:25','2023-11-21 23:58:25'),
    (267,267,'dJTajxBDkCkqWPL2KYiOnLgIo4kWp3',9235,'2023-11-21 23:58:25','2023-11-21 23:58:25'),
    (268,268,'O0yedIV0d2OSDCl1JzhRJeunazKDjM',8921.5,'2023-11-21 23:58:25','2023-11-21 23:58:25'),
    (269,269,'UPZW71SXn2I9ouPDDcII6Vddt5zKx0',1326,'2023-11-21 23:58:25','2023-11-21 23:58:25'),
    (270,270,'DDr2uSdtOT1aROTWRoNsqQAyd8BLwS',8710,'2023-11-21 23:58:25','2023-11-21 23:58:25'),
    (271,271,'XCFpi8Rp6fp9Cc4uiL8nCWHPnB18az',7048,'2023-11-21 23:58:25','2023-11-21 23:58:25'),
    (272,272,'X4xGVuhsh48JBgrdYD3O2l6g6vs05j',1418,'2023-11-21 23:58:25','2023-11-21 23:58:25'),
    (273,273,'sOHxkZPJIAw1tzEmPIgFQMt5ao6pq8',1704.5,'2023-11-21 23:58:25','2023-11-21 23:58:25'),
    (274,274,'1DWToL178HOkZn9CPBmWlujVPQ5MB5',7952.5,'2023-11-21 23:58:25','2023-11-21 23:58:25'),
    (275,275,'ltiGDMrrrwl4qLoMvUO52IMjnDllOf',1567,'2023-11-21 23:58:25','2023-11-21 23:58:25'),
    (276,276,'RFAFyLj1u5QAUXCqyzTDvYMO98rYsj',6866,'2023-11-21 23:58:25','2023-11-21 23:58:25'),
    (277,277,'8RwzLxzFpP0Fi0WdqSFmzFDgm0GlyE',6089.5,'2023-11-21 23:58:25','2023-11-21 23:58:25'),
    (278,278,'UYlOcYDDJMRq842kJuvVeszIAdcEkz',0.19,'2023-11-21 23:58:25','2023-11-21 23:58:25'),
    (279,279,'Y9vEKb8yLH92wU1clyvdSss2kpNFbk',4954.5,'2023-11-21 23:58:25','2023-11-21 23:58:25'),
    (280,280,'tZaw6qehOJ39pT6EOA8f81kHdsOARv',0.13,'2023-11-21 23:58:25','2023-11-21 23:58:25'),
    (281,281,'ocvLZyAEJiAHfHJgBc2u0pNrKI2ywS',0.19,'2023-11-21 23:58:25','2023-11-21 23:58:25'),
    (282,282,'XU0gUyfKCFgYcooRIGUYnDGafQjjuA',0.18,'2023-11-21 23:58:25','2023-11-21 23:58:25'),
    (283,283,'1LicQPgn3R3iy6efP1AYYzrcJiip2z',0.08,'2023-11-21 23:58:25','2023-11-21 23:58:25'),
    (284,284,'To252hvUGVZCpmCQCxVPRfy2D6YBHG',0.1,'2023-11-21 23:58:25','2023-11-21 23:58:25'),
    (285,285,'wYbOgB78vQ7xxWroGecnP5W0Xlj7ge',8194,'2023-11-21 23:58:25','2023-11-21 23:58:25'),
    (286,286,'t8UlVxh6rQH4XoKRSeTYRAedjdf1kU',5576.5,'2023-11-21 23:58:25','2023-11-21 23:58:25'),
    (287,287,'A46kIxEYWyBSMSbllyg1pqbOWAcklX',0.11,'2023-11-21 23:58:25','2023-11-21 23:58:25'),
    (288,288,'auSpFFMFUCSsLbTj8ZyNm0k7kX24k0',0.07,'2023-11-21 23:58:25','2023-11-21 23:58:25'),
    (289,289,'2hzsjIIU5Eh9BAdgtitoa5RllsADJI',0.14,'2023-11-21 23:58:25','2023-11-21 23:58:25'),
    (290,290,'wJZdu5AbxCAJAZBb0821O0Ck2Ann5U',1664,'2023-11-21 23:58:25','2023-11-21 23:58:25'),
    (291,291,'X6DmFeRvqIJK7G34Xx2r33uvVLIQDv',9850.5,'2023-11-21 23:58:25','2023-11-21 23:58:25'),
    (292,292,'BXpjOxubjGdNchUxByMOqh22CKdFWy',0.25,'2023-11-21 23:58:25','2023-11-21 23:58:25'),
    (293,293,'nRfjtzAyINoPyFfeYTjKGZUxL6PtMW',1432,'2023-11-21 23:58:25','2023-11-21 23:58:25'),
    (294,294,'Vzf5kpNAoTKM0EMwZk0EAExNteB4DQ',0.25,'2023-11-21 23:58:25','2023-11-21 23:58:25'),
    (295,295,'7pTPFi9eWIjpGc7vLZROhGBk05CZpY',6595.5,'2023-11-21 23:58:25','2023-11-21 23:58:25'),
    (296,296,'5BPMx8bPx9zdRL5MZIyWdHKFWYcZzx',0.06,'2023-11-21 23:58:25','2023-11-21 23:58:25'),
    (297,297,'sYog9pKbGpHXkyCje1lN2BbJWy9jIm',0.24,'2023-11-21 23:58:25','2023-11-21 23:58:25'),
    (298,298,'SSR8B2BxM6ROM8ItdGiN5GCUHVbhUE',2716,'2023-11-21 23:58:25','2023-11-21 23:58:25'),
    (299,299,'1mvdOUils9c8LuLf9U2ufMap7dQ0tK',8586.5,'2023-11-21 23:58:25','2023-11-21 23:58:25'),
    (300,300,'SHmqWoGUBMQDVYfytLkMRAj6kSAmoO',0.04,'2023-11-21 23:58:25','2023-11-21 23:58:25'),
    (301,301,'df73sXFM1SyQoAm6vWOjtDzPeh8rCi',3401,'2023-11-21 23:58:25','2023-11-21 23:58:25'),
    (302,302,'RUlCNkNvr10utJbkiYvfNXOfodkCBe',9711,'2023-11-21 23:58:25','2023-11-21 23:58:25'),
    (303,303,'80l4h8ZgpkiBFHLTNKkR4kgkBGtB1s',0.24,'2023-11-21 23:58:25','2023-11-21 23:58:25'),
    (304,304,'t5XXaYtjcY6b4dy2uB0CVPAL3ofjn4',9021,'2023-11-21 23:58:25','2023-11-21 23:58:25'),
    (305,305,'CGjZJS9KOZ4S2gu3BONLx5DPVFPsVp',0.15,'2023-11-21 23:58:25','2023-11-21 23:58:25'),
    (306,306,'Qrbe2sZEEFX4sujf75kRWSF7aE4pX6',0.21,'2023-11-21 23:58:25','2023-11-21 23:58:25'),
    (307,307,'0vpVCVfsrII8bHqEsUe0G0ET4I74Et',7300,'2023-11-21 23:58:25','2023-11-21 23:58:25'),
    (308,308,'p8RXwOpPBzTma5FRWsIxp0hd5Gmdu7',0.14,'2023-11-21 23:58:25','2023-11-21 23:58:25'),
    (309,309,'tPQH1U4X9qQsaejxBXDdZCtSRIDQxc',6365.5,'2023-11-21 23:58:25','2023-11-21 23:58:25'),
    (310,310,'9z8Y9q0SA3qpYtye6fVOVsfXIxyajB',5889.5,'2023-11-21 23:58:25','2023-11-21 23:58:25'),
    (311,311,'jXpV3MaoBG6ulYwxAU7ABYqGSzo9C8',0.02,'2023-11-21 23:58:25','2023-11-21 23:58:25'),
    (312,312,'Ikq0UKaqqWvAlaKRPSnStizp8nQN2A',5420.5,'2023-11-21 23:58:25','2023-11-21 23:58:25'),
    (313,313,'6N2BnTi24utsod5Yy64jZdUsWOA7Ry',5006,'2023-11-21 23:58:25','2023-11-21 23:58:25'),
    (314,314,'ppkcwTIERIZBg6QgjhJHW71ifOkgC1',2561,'2023-11-21 23:58:25','2023-11-21 23:58:25'),
    (315,315,'VzG6btefRaUmBeNr1ziRRNGfs74C0b',7191,'2023-11-21 23:58:25','2023-11-21 23:58:25'),
    (316,316,'MvxWcuruFxSPjBtZGRVqA66WWMQxrd',6493,'2023-11-21 23:58:25','2023-11-21 23:58:25'),
    (317,317,'4sTHSqpWaNxxnLV80rpYOY6z3fbezO',3260,'2023-11-21 23:58:25','2023-11-21 23:58:25'),
    (318,318,'DjvMAerUIpvaNcFkvJgY6WZH9ZiLeT',0.28,'2023-11-21 23:58:25','2023-11-21 23:58:25'),
    (319,319,'8UVd6Q1lTt6eeIzZBERL038SUZkMXM',7794,'2023-11-21 23:58:25','2023-11-21 23:58:25'),
    (320,320,'k54QdkM0okviSrp7rTNbG1Bra0t5SD',4626,'2023-11-21 23:58:25','2023-11-21 23:58:25'),
    (321,321,'WhYZRhzdtR1HPht5pYhAIhXmel5COo',5672.5,'2023-11-21 23:58:25','2023-11-21 23:58:25'),
    (322,322,'chkAWdmpEq7ODMqSNH8idNym2nQHrw',3470.5,'2023-11-21 23:58:25','2023-11-21 23:58:25'),
    (323,323,'ZzJJVWkWZuYCPQYMHtZp1X1JmCSH2p',2042,'2023-11-21 23:58:25','2023-11-21 23:58:25'),
    (324,324,'MNGfNQpfzpz9e1nYI1LxuwjkkqDg4l',0.12,'2023-11-21 23:58:25','2023-11-21 23:58:25'),
    (325,325,'6TbVlYzj1DJIvLUfT7rCnPO2HnqLT6',0.03,'2023-11-21 23:58:25','2023-11-21 23:58:25'),
    (326,326,'Y74qaJF7H0R22hJkvzTMZJEm5H34Tv',524.5,'2023-11-21 23:58:25','2023-11-21 23:58:25'),
    (327,327,'3XLUSx5hULJzl1eyHZAw5ImcVKM6aX',2368.5,'2023-11-21 23:58:25','2023-11-21 23:58:25'),
    (328,328,'fnSOiECd3iiOmfiw1ztRuZnxbzaf61',520.5,'2023-11-21 23:58:25','2023-11-21 23:58:25'),
    (329,329,'mQWjSUQm89kRxlxMKgJ5Al6hM4sx1x',4187,'2023-11-21 23:58:25','2023-11-21 23:58:25'),
    (330,330,'CIqJ7CArzrw5h0fmPyLQCW0FJqys7c',0.24,'2023-11-21 23:58:25','2023-11-21 23:58:25'),
    (331,331,'oA4ngDyJh27RGYa8nnEkCIYJ08D2zE',0.2,'2023-11-21 23:58:25','2023-11-21 23:58:25'),
    (332,332,'T86joZ6RNRuZPYK8B9wtnw7Zy9HiiR',2957,'2023-11-21 23:58:25','2023-11-21 23:58:25'),
    (333,333,'c3ooy4hVYwxi7Wd0IJGwdbyvcMRxju',0.28,'2023-11-21 23:58:25','2023-11-21 23:58:25'),
    (334,334,'MAPPIrBAaT0iNhWJeRSwhpnrAdoJKD',0.19,'2023-11-21 23:58:25','2023-11-21 23:58:25'),
    (335,335,'hLCMJaILDfnVHrPx4A7wQyiVMKckGE',0.26,'2023-11-21 23:58:25','2023-11-21 23:58:25'),
    (336,336,'gY3oA0CoTPBGi1jnVEFBQpTi8yfnCd',1855,'2023-11-21 23:58:25','2023-11-21 23:58:25'),
    (337,337,'VB9b3Pf0w4ksK5SVl6k2PTJgN6eRKh',2750.5,'2023-11-21 23:58:25','2023-11-21 23:58:25'),
    (338,338,'XARqY7TzCZuROQeQBMCiihI8uU2GuE',5465,'2023-11-21 23:58:25','2023-11-21 23:58:25'),
    (339,339,'xm5A2Y6eobbdJAoZaVzsBXdS9zqf6V',6757.5,'2023-11-21 23:58:25','2023-11-21 23:58:25'),
    (340,340,'VtfOr7xGbCJRulqSY02CsYi99by1kk',1162,'2023-11-21 23:58:25','2023-11-21 23:58:25'),
    (341,341,'SU36rbrcLEBt65LbOnRzUtIlE5DZkT',0.09,'2023-11-21 23:58:25','2023-11-21 23:58:25'),
    (342,342,'ZLutfjWuXzZBMVkMFdqhABLnMxHYai',1100.5,'2023-11-21 23:58:25','2023-11-21 23:58:25'),
    (343,343,'42MPNJNPgQfkKRzQ80wSlhINtOsANq',601.5,'2023-11-21 23:58:25','2023-11-21 23:58:25'),
    (344,344,'LEP1pWbNi42GRZ1v39fsD0vJd2AG6t',0.18,'2023-11-21 23:58:25','2023-11-21 23:58:25'),
    (345,345,'xoqasOq6QuLUsyjJOUKCChzX8U8dmY',0.22,'2023-11-21 23:58:25','2023-11-21 23:58:25'),
    (346,346,'a5RlkTFEL5bDe4e25khW3EBhYNN2ox',5748,'2023-11-21 23:58:25','2023-11-21 23:58:25'),
    (347,347,'kJTNnTtvhPfvjhKp5R14khem0gCoEt',1256,'2023-11-21 23:58:25','2023-11-21 23:58:25'),
    (348,348,'xVGQceS5J0Hi8hovIziiyKmnYyNFXo',0.19,'2023-11-21 23:58:25','2023-11-21 23:58:25'),
    (349,349,'WWFxMPb6czhTMx1mkxURlGuymlf3m7',9743,'2023-11-21 23:58:25','2023-11-21 23:58:25'),
    (350,350,'YNAJ2t4zTMbDr4DKYc5JGn7Qg2jmKu',2183,'2023-11-21 23:58:25','2023-11-21 23:58:25'),
    (351,351,'F127B3PGaVOUWRPYfPoIo7LvFaR1l0',9810.5,'2023-11-21 23:58:25','2023-11-21 23:58:25'),
    (352,352,'ApwESiY90vukEHXhdeEbUfyuLDlY1f',3586,'2023-11-21 23:58:25','2023-11-21 23:58:25'),
    (353,353,'1jbaFCxRCDIgzoTszF5N9aHYofAl8o',8957.5,'2023-11-21 23:58:25','2023-11-21 23:58:25'),
    (354,354,'soNKdAxpDexqr9cbUV74ecShhvhFVM',3385,'2023-11-21 23:58:25','2023-11-21 23:58:25'),
    (355,355,'acC20E2w5PHUrAQymfoG8PmkrjqgWy',532,'2023-11-21 23:58:25','2023-11-21 23:58:25'),
    (356,356,'Xgka6IIDAZo2NSRViR73VYMtuYUhQX',7966,'2023-11-21 23:58:25','2023-11-21 23:58:25'),
    (357,357,'Ae3ABOmdq5CNqBaSRKoYo19EzNbjKe',0.16,'2023-11-21 23:58:25','2023-11-21 23:58:25'),
    (358,358,'K4dGSWkj6Rasyl4t3zbXiyUc7GtfGO',0.04,'2023-11-21 23:58:25','2023-11-21 23:58:25'),
    (359,359,'BveIfM1NeUkShABaVGjbZ94S3M9zNm',0.15,'2023-11-21 23:58:25','2023-11-21 23:58:25'),
    (360,360,'upft0583tojRH4wTGu2qfMhmjkqHIF',0.17,'2023-11-21 23:58:25','2023-11-21 23:58:25'),
    (361,361,'XBHYC8rClpJ9JKm6k0dTCUyxqaCnvG',4651,'2023-11-21 23:58:25','2023-11-21 23:58:25'),
    (362,362,'kbaR9AUnC2SrbiM1G8CJYh47FLGPi6',6045.5,'2023-11-21 23:58:25','2023-11-21 23:58:25'),
    (363,363,'wnxqx6vclBpLqccjxmf9iuYqzwB1Fq',5081,'2023-11-21 23:58:25','2023-11-21 23:58:25'),
    (364,364,'lkmwykxrfnxOcA20jAyBCjnpEWHz9W',6085.5,'2023-11-21 23:58:25','2023-11-21 23:58:25'),
    (365,365,'Q3nVsPT6ohP1HsJNCgdHUvqh59tmmz',0.14,'2023-11-21 23:58:25','2023-11-21 23:58:25'),
    (366,366,'gItSDURNqMOsFaYFrqyjMnFbQCvJEN',8094.5,'2023-11-21 23:58:25','2023-11-21 23:58:25'),
    (367,367,'A1VpONpgSAS1j4QVkvLqAuEag2HcmW',0.26,'2023-11-21 23:58:25','2023-11-21 23:58:25'),
    (368,368,'VlVHYywrlDYGZqzSKFe9UhnudPXKNU',7131,'2023-11-21 23:58:25','2023-11-21 23:58:25'),
    (369,369,'SMFytXelKS4PCSxGj9EbuBxUaQq28G',9347.5,'2023-11-21 23:58:25','2023-11-21 23:58:25'),
    (370,370,'BStkDqs7TZkglEiMQv9lYzx0JrEsSf',5418.5,'2023-11-21 23:58:25','2023-11-21 23:58:25'),
    (371,371,'PWSIUsEQvSHb3diUsbaKiS8GtSfhme',0.09,'2023-11-21 23:58:25','2023-11-21 23:58:25'),
    (372,372,'CNHoARSjB8zA1DwqynljvWb5m0FmXr',1069.5,'2023-11-21 23:58:25','2023-11-21 23:58:25'),
    (373,373,'Z7OnvgCBLXDSBYeBBtPMyjcmsGwCUM',0.23,'2023-11-21 23:58:25','2023-11-21 23:58:25'),
    (374,374,'DRlY6yWTArJ2fGtDo3r6tJ0DbeC2Bl',0.03,'2023-11-21 23:58:25','2023-11-21 23:58:25'),
    (375,375,'UmbRB5iUImQq56M27t63WG9LMCoxRQ',801,'2023-11-21 23:58:25','2023-11-21 23:58:25'),
    (376,376,'lv4drm1FY32etzqnEDx5dvjWFcdEAU',6888.5,'2023-11-21 23:58:25','2023-11-21 23:58:25'),
    (377,377,'PzLtJhTmy9LB2wiHmjEh76ex8uL6ET',9731.5,'2023-11-21 23:58:25','2023-11-21 23:58:25'),
    (378,378,'QgS33TPOvHjqEpfloHXXmqG4CeEIph',0.09,'2023-11-21 23:58:25','2023-11-21 23:58:25'),
    (379,379,'XfkMv5F9XKveOtpbpjV00JkWd9f8qE',5536,'2023-11-21 23:58:25','2023-11-21 23:58:25'),
    (380,380,'8mtSOnMjHnhsYanXhqBL1ZNvyaSMjF',3682.5,'2023-11-21 23:58:25','2023-11-21 23:58:25'),
    (381,381,'JfzgYiwtRQ1P1v0PhxXjymInNKdjCa',0.03,'2023-11-21 23:58:25','2023-11-21 23:58:25'),
    (382,382,'uAqJt89k6EdWIRmEVA4KAJ5wwaY9q8',0.14,'2023-11-21 23:58:25','2023-11-21 23:58:25'),
    (383,383,'zjG81RQMpPnERnofDs7g8I7u4iD3DT',5034,'2023-11-21 23:58:25','2023-11-21 23:58:25'),
    (384,384,'66XsnyxBb3S32BecDdLKkR37qtScDF',5096.5,'2023-11-21 23:58:25','2023-11-21 23:58:25'),
    (385,385,'doprOd8hwe2mYEC92mcN1unwYyBuit',6100.5,'2023-11-21 23:58:25','2023-11-21 23:58:25'),
    (386,386,'R9ITkoZDQd0OyZ6whx1qeeaNIx2wZo',0.21,'2023-11-21 23:58:25','2023-11-21 23:58:25'),
    (387,387,'Qs1UBZLnGb0W0u48bvdihkUGXSDayr',7454,'2023-11-21 23:58:25','2023-11-21 23:58:25'),
    (388,388,'X4hCKiu2kynzVhAts7vZ1L2kwZYth1',0.2,'2023-11-21 23:58:25','2023-11-21 23:58:25'),
    (389,389,'lKjWyNYIoKkVXxDbFlCYbc2tTqXWj2',2959,'2023-11-21 23:58:25','2023-11-21 23:58:25'),
    (390,390,'fpnzB3oDtphQcm075soJZFoO2E1kAn',8416,'2023-11-21 23:58:25','2023-11-21 23:58:25'),
    (391,391,'XA37tE9XHDZdBaCgLFzYBod8tMrqtv',0.01,'2023-11-21 23:58:25','2023-11-21 23:58:25'),
    (392,392,'pA87ckx8tamYZ7G6clh56PreN83ZNF',6997,'2023-11-21 23:58:25','2023-11-21 23:58:25'),
    (393,393,'RUq5RZYL5SX3H4ExJ0F1r4zWGNdOW2',8317.5,'2023-11-21 23:58:25','2023-11-21 23:58:25'),
    (394,394,'yxky9dLmqutVmKRFwVhg6u7lxeUOVU',0.02,'2023-11-21 23:58:25','2023-11-21 23:58:25'),
    (395,395,'BOVuRrtSkAWyiBDWyOU2p4oKV6no6l',7788.5,'2023-11-21 23:58:25','2023-11-21 23:58:25'),
    (396,396,'9uebeWqWa2jYkBM1w1IDE8HsPj6xGF',0.18,'2023-11-21 23:58:25','2023-11-21 23:58:25'),
    (397,397,'zN32iZ0cfkCQngZQEFmYhQtz7wBncL',1881.5,'2023-11-21 23:58:25','2023-11-21 23:58:25'),
    (398,398,'2HpVnBradAuaOV6WLB5ORYuV4k2z5T',0.13,'2023-11-21 23:58:25','2023-11-21 23:58:25'),
    (399,399,'AExVPuZAo0uQ4USIaUA6Zr8a7fvTbX',6598.5,'2023-11-21 23:58:25','2023-11-21 23:58:25'),
    (400,400,'KxAdUgdzxEmD0joPrSfIDkIJYrtnOB',0.13,'2023-11-21 23:58:25','2023-11-21 23:58:25'),
    (401,401,'bBdSLHPkh0vZwI4Eha9CzdbMHwLzNV',0.02,'2023-11-21 23:58:25','2023-11-21 23:58:25'),
    (402,402,'qufSEh9UsJiKDDsjOLlD5lay18Ixem',0.02,'2023-11-21 23:58:25','2023-11-21 23:58:25'),
    (403,403,'PBcPEhT1DEjpedxqCjKakAYewVsDym',9821,'2023-11-21 23:58:25','2023-11-21 23:58:25'),
    (404,404,'LFlMOMD7z1p09D9d8KBmvAtRIehLWN',6764.5,'2023-11-21 23:58:25','2023-11-21 23:58:25'),
    (405,405,'Br3t9gIuu8bt5TVGOgdEH1tq6XhfYr',0.27,'2023-11-21 23:58:25','2023-11-21 23:58:25'),
    (406,406,'X1Jy3OfcRU57odYpu3iaAFmKnTMm46',2936,'2023-11-21 23:58:25','2023-11-21 23:58:25'),
    (407,407,'ldNtQg9aoeATmoHZhoQglhJBP1QCMJ',9508.5,'2023-11-21 23:58:25','2023-11-21 23:58:25'),
    (408,408,'SYufMSvYYLSyF9B34MKo9twMGaoyUC',9712.5,'2023-11-21 23:58:25','2023-11-21 23:58:25'),
    (409,409,'6n65nEA6WjQNJEgxblVnQW22YWDm73',958.5,'2023-11-21 23:58:25','2023-11-21 23:58:25'),
    (410,410,'WjBUPIfEhSQIbNkQ2UxJEUeGfRCUmR',3199,'2023-11-21 23:58:25','2023-11-21 23:58:25'),
    (411,411,'Jhi2rrpPzD6Xh77M3ZI7VctvAdH97D',0.17,'2023-11-21 23:58:25','2023-11-21 23:58:25'),
    (412,412,'92oaVZc4eAWyY00eDtE3VnpOmMHQ7B',5220,'2023-11-21 23:58:25','2023-11-21 23:58:25'),
    (413,413,'5juSNTA96dxxe87cXmjCe72POCT4H1',761.5,'2023-11-21 23:58:25','2023-11-21 23:58:25'),
    (414,414,'946eF2q4vCATreouBP6bnJgbnGs5JA',0.21,'2023-11-21 23:58:25','2023-11-21 23:58:25'),
    (415,415,'MUuRI2PNy1oiyxq5AS4dIc9QNZR4UE',8980,'2023-11-21 23:58:25','2023-11-21 23:58:25'),
    (416,416,'wrsTyGBFoaZRUCobhUKzffaF5IDwDx',0.05,'2023-11-21 23:58:25','2023-11-21 23:58:25'),
    (417,417,'m2sgnMsTUpi38Pa1JbULPXcwqdO3gp',4173,'2023-11-21 23:58:25','2023-11-21 23:58:25'),
    (418,418,'2kNuC09VzigE3Z64IhGTnoZjLNqCDa',6172.5,'2023-11-21 23:58:25','2023-11-21 23:58:25'),
    (419,419,'O9azk0jJoXCQO0XxhrfDFJXtIxH7O6',0.23,'2023-11-21 23:58:25','2023-11-21 23:58:25'),
    (420,420,'kvTmUhT8WAaGCfX1o580W0RkQA7TBH',1081,'2023-11-21 23:58:25','2023-11-21 23:58:25'),
    (421,421,'DwJuSCq3TR8s9ZsHAxcC1rHIA5ghkL',0.22,'2023-11-21 23:58:25','2023-11-21 23:58:25'),
    (422,422,'FwtG5TAjayDHfmxPxl0sl6UVmsI5Cq',0.13,'2023-11-21 23:58:25','2023-11-21 23:58:25'),
    (423,423,'e6kFXaHHAz2IMa1m00jCv5ATRn7EvH',1935,'2023-11-21 23:58:25','2023-11-21 23:58:25'),
    (424,424,'THAKvzNtiXEopwxycKCUrbx2eC5ERo',0.04,'2023-11-21 23:58:25','2023-11-21 23:58:25'),
    (425,425,'0n2b7RwFPYyXtfgkMLNWAomg6DihqT',4062,'2023-11-21 23:58:25','2023-11-21 23:58:25'),
    (426,426,'Cb1F7sl5BQIz2GOzTfJIxYQmC6k0AC',0.09,'2023-11-21 23:58:25','2023-11-21 23:58:25'),
    (427,427,'P5oHbnJrmgzRkuwCjGtuiwlqo13XtB',5799.5,'2023-11-21 23:58:25','2023-11-21 23:58:25'),
    (428,428,'jJcizPIqYGeDQYWKVIO8MffGAn6lGg',5725.5,'2023-11-21 23:58:25','2023-11-21 23:58:25'),
    (429,429,'jcQmHma5ey8wiudXfmK59cPH2V0vES',8859,'2023-11-21 23:58:25','2023-11-21 23:58:25'),
    (430,430,'xtvCbJ21Kq1M4QHcUCcF39n2VceWhR',9402,'2023-11-21 23:58:25','2023-11-21 23:58:25'),
    (431,431,'PdoKgweebRsl1Z2U8lcyBGxe88fUwP',5834.5,'2023-11-21 23:58:25','2023-11-21 23:58:25'),
    (432,432,'TkcwrAVxYJ3mCsGsCyIiqMm25IrXJI',7270,'2023-11-21 23:58:25','2023-11-21 23:58:25'),
    (433,433,'97Adq0PzNvF4pCLZhpycufCWzN7b7f',0.12,'2023-11-21 23:58:25','2023-11-21 23:58:25'),
    (434,434,'CQa9y8U3ovmbjWZPoxY8YwBOFNEXWT',1240.5,'2023-11-21 23:58:25','2023-11-21 23:58:25'),
    (435,435,'toCsbhZmQgB5F8zgA5Ze87F5MiaJkB',9248,'2023-11-21 23:58:25','2023-11-21 23:58:25'),
    (436,436,'jXbR4ik4pIjqI3obwCLM3GPAdheS3E',0.17,'2023-11-21 23:58:25','2023-11-21 23:58:25'),
    (437,437,'fqa8YWie7C111L8xc2TsoF2wHzxLvI',8223,'2023-11-21 23:58:25','2023-11-21 23:58:25'),
    (438,438,'xx4sKW8tgyW0yeDhwh1DU2pZOIOPKs',7964,'2023-11-21 23:58:25','2023-11-21 23:58:25'),
    (439,439,'2W5meC3L0ckElD5IWzJ1ss9UJHtVk5',1438.5,'2023-11-21 23:58:25','2023-11-21 23:58:25'),
    (440,440,'yXyFvLffllvR88xouj9IXHCTZfteGH',2392,'2023-11-21 23:58:25','2023-11-21 23:58:25'),
    (441,441,'c5ahz4ExAyqjJsM9XtFkxDA7KzhZLq',0.05,'2023-11-21 23:58:25','2023-11-21 23:58:25'),
    (442,442,'h9rK9fIUeZThCn2mSfwpmApQswyLXh',0.24,'2023-11-21 23:58:25','2023-11-21 23:58:25'),
    (443,443,'e7UGmkLeB1sKIchMLsOm8gFDxMUwtn',7665,'2023-11-21 23:58:26','2023-11-21 23:58:26'),
    (444,444,'O9v0Tl3UuooO0jnheLcSgyEol3qyNm',0.18,'2023-11-21 23:58:26','2023-11-21 23:58:26'),
    (445,445,'k7dr152rBJIFVZCKB0SxEBV9F9S980',5693,'2023-11-21 23:58:26','2023-11-21 23:58:26'),
    (446,446,'Dci3f4C0HLlDIlzLd2nRbrXKmA9qLK',0.05,'2023-11-21 23:58:26','2023-11-21 23:58:26'),
    (447,447,'sLlGOzKX9DLOUdATy6zphgHq411dtA',8653,'2023-11-21 23:58:26','2023-11-21 23:58:26'),
    (448,448,'YCxoqmvj23ucrWSM2aFXmcyNwaWYi2',5228.5,'2023-11-21 23:58:26','2023-11-21 23:58:26'),
    (449,449,'nCQpAIBAxcSJIbJANAneIpoSvjdU3r',1030,'2023-11-21 23:58:26','2023-11-21 23:58:26'),
    (450,450,'V7ErMcqEQNISWuy9hVlFGgXIXmj0rL',7797,'2023-11-21 23:58:26','2023-11-21 23:58:26'),
    (451,451,'pCuKQjY0Lc6yeIYWW5gL0X21lSQI8X',2231.5,'2023-11-21 23:58:26','2023-11-21 23:58:26'),
    (452,452,'ESJtZFeKTrPuS5JY4HtuHvrJJXpda7',2148.5,'2023-11-21 23:58:26','2023-11-21 23:58:26'),
    (453,453,'fjDXfbGJA1LwXYdpnGzh9nhhRWarnE',1782.5,'2023-11-21 23:58:26','2023-11-21 23:58:26'),
    (454,454,'fHy3SUZiC55Omhv5UVwdtwEu1YSPp6',4965.5,'2023-11-21 23:58:26','2023-11-21 23:58:26'),
    (455,455,'WYsMzvLqTS2KXQNOROVdxUKTq9ng6z',9262,'2023-11-21 23:58:26','2023-11-21 23:58:26'),
    (456,456,'diMUobDi3UQqBDh0flMPLtLKVt9H8m',978.5,'2023-11-21 23:58:26','2023-11-21 23:58:26'),
    (457,457,'4a85vEMEk9PDofXBYXWHoFelylLSPv',2604.5,'2023-11-21 23:58:26','2023-11-21 23:58:26'),
    (458,458,'VYEPC2vQVv4icTCHBIURpiNXwqhly7',5344.5,'2023-11-21 23:58:26','2023-11-21 23:58:26'),
    (459,459,'PYZnsMvCoguM3xbcYhqaEAt0MGRkI0',2495,'2023-11-21 23:58:26','2023-11-21 23:58:26'),
    (460,460,'fEcqZQx43e4skgiygIAsiMUjwDw3ul',5708,'2023-11-21 23:58:26','2023-11-21 23:58:26'),
    (461,461,'K53RH0I4CtomxZOncQbO9F2sfgme3E',5033,'2023-11-21 23:58:26','2023-11-21 23:58:26'),
    (462,462,'FzqxinTR9kKV3JvHpRRIVKNrVMN725',7592,'2023-11-21 23:58:26','2023-11-21 23:58:26'),
    (463,463,'JaqA9DOA0QkOqRT0XfzkTv0fDTDg69',9295,'2023-11-21 23:58:26','2023-11-21 23:58:26'),
    (464,464,'0jRt6nmD9BpqmZIynXto79hNJTdXfe',0.04,'2023-11-21 23:58:26','2023-11-21 23:58:26'),
    (465,465,'2ZUFs0JAkyvxJhLtxiNpB5hq0S92lc',0.08,'2023-11-21 23:58:26','2023-11-21 23:58:26'),
    (466,466,'OByqlZOvY82YqCLVKGtZ8Yu4HIqXO8',0.06,'2023-11-21 23:58:26','2023-11-21 23:58:26'),
    (467,467,'3qTsV7dpIi5LCkFa3Dwms1UNNSbGUL',3967,'2023-11-21 23:58:26','2023-11-21 23:58:26'),
    (468,468,'pkl6Fnb7aCNJubiuQaJKpN1e7NwxBq',9690.5,'2023-11-21 23:58:26','2023-11-21 23:58:26'),
    (469,469,'cfjrD7ivyB0qHUICykwwiEcNNHrN6q',0.06,'2023-11-21 23:58:26','2023-11-21 23:58:26'),
    (470,470,'CRyldSYv0pkbnok3VDYwQQPil7MgeU',0.05,'2023-11-21 23:58:26','2023-11-21 23:58:26'),
    (471,471,'Tp6jdDOGGPNirSuMA6MIGVGvpXKr1u',6957.5,'2023-11-21 23:58:26','2023-11-21 23:58:26'),
    (472,472,'OCXPTSCHWzNND4SBxYQLlnXQV8GxlM',0.02,'2023-11-21 23:58:26','2023-11-21 23:58:26'),
    (473,473,'71ZhQ5FRr0bmSXITl566D0IcFtMzdZ',8187.5,'2023-11-21 23:58:26','2023-11-21 23:58:26'),
    (474,474,'t3Cr7FW1vRCElqxBpGLZPp3KcY4vG1',0.07,'2023-11-21 23:58:26','2023-11-21 23:58:26'),
    (475,475,'RbUWVuDPjftO1t97FMFtft7Dt9C5CJ',1426,'2023-11-21 23:58:26','2023-11-21 23:58:26'),
    (476,476,'9bbjWgVt0YomluTOH6SE2eeeEXbSCy',6402,'2023-11-21 23:58:26','2023-11-21 23:58:26'),
    (477,477,'YQ5sJOnkv0wVLnfo5iNaJwZi2AhLH5',5416,'2023-11-21 23:58:26','2023-11-21 23:58:26'),
    (478,478,'liLts940NXurStvilMCQr8UXHhv92B',6862.5,'2023-11-21 23:58:26','2023-11-21 23:58:26'),
    (479,479,'iaHS5bCmJD3rGCL48cl2lSdS8h88lw',8489,'2023-11-21 23:58:26','2023-11-21 23:58:26'),
    (480,480,'Ak91EX93lKJ1JDs0sXZFG7aSi6X9vp',2473,'2023-11-21 23:58:26','2023-11-21 23:58:26'),
    (481,481,'570Qgg2wfhAlEGydYPlAeaa6bJkA3r',4726.5,'2023-11-21 23:58:26','2023-11-21 23:58:26'),
    (482,482,'cY7fKUHr5RjxqJ1QwKk4v9Sxj7Xeuc',9620.5,'2023-11-21 23:58:26','2023-11-21 23:58:26'),
    (483,483,'cAOas8TiqDj7JEeTaO63XEqUhxnMHI',0.18,'2023-11-21 23:58:26','2023-11-21 23:58:26'),
    (484,484,'fYrlCzFgKjmLGJLwy5N2DpBrd5INe4',0.25,'2023-11-21 23:58:26','2023-11-21 23:58:26'),
    (485,485,'JhUHNC6QBMCzwNjIkKkXiZMF6Iy8XI',0.19,'2023-11-21 23:58:26','2023-11-21 23:58:26'),
    (486,486,'Ou2WGP3P0sQZB4cYZI9tnFGZqZEge0',0.23,'2023-11-21 23:58:26','2023-11-21 23:58:26'),
    (487,487,'bPL7c8I5oo3Mu8qgOtj7ppgHpnW9sJ',4967.5,'2023-11-21 23:58:26','2023-11-21 23:58:26'),
    (488,488,'tuenFr1Sn9kMWA4SHl4jPvR8VU4HzM',7113,'2023-11-21 23:58:26','2023-11-21 23:58:26'),
    (489,489,'YPOR9EMAzAIWt3lrOG3uzpcuDkA8dE',575,'2023-11-21 23:58:26','2023-11-21 23:58:26'),
    (490,490,'oy69ZR2c5I7NzymeMD1PqHVPt16goZ',0.04,'2023-11-21 23:58:26','2023-11-21 23:58:26'),
    (491,491,'rdY7EaKLJpOchISXF8Gi9G0Juetwnr',0.12,'2023-11-21 23:58:26','2023-11-21 23:58:26'),
    (492,492,'KZS6JoZskq8ojBpgKZueMtK1O95UQf',0.05,'2023-11-21 23:58:26','2023-11-21 23:58:26'),
    (493,493,'JjfdUZhDd9NtCeZqNfXv4y4uOytsgC',4564,'2023-11-21 23:58:26','2023-11-21 23:58:26'),
    (494,494,'ZhThpfWYMbuDmY948ly4F2x3hiFm8n',2226,'2023-11-21 23:58:26','2023-11-21 23:58:26'),
    (495,495,'1RsUugAlOL5FpMtaMmCJeZGklqPIvS',7669.5,'2023-11-21 23:58:26','2023-11-21 23:58:26'),
    (496,496,'15DCIxOtI4fkR9OPG7cvM3HYWOpgB9',8398,'2023-11-21 23:58:26','2023-11-21 23:58:26'),
    (497,497,'S2i77gIxpTYtakMTuNI1Le3x0TgyO9',7455,'2023-11-21 23:58:26','2023-11-21 23:58:26'),
    (498,498,'R1C9wJfjs6AFEX8SkZpzJmxpgP16V0',0.25,'2023-11-21 23:58:26','2023-11-21 23:58:26'),
    (499,499,'pLnGVHIlrAjIiQXyb0pbk8iMhXukkT',7038.5,'2023-11-21 23:58:26','2023-11-21 23:58:26'),
    (500,500,'rRTCs1ghYRpmHTvJC6irmkdfdQNraV',1860,'2023-11-21 23:58:26','2023-11-21 23:58:26'),
    (501,501,'TCxA4wPeKcsA1ZAymDTJW4fQN4LUTz',3911.5,'2023-11-21 23:58:26','2023-11-21 23:58:26'),
    (502,502,'LK9Bwha0knB3XOm1RXwqMb4FqfCwSi',0.25,'2023-11-21 23:58:26','2023-11-21 23:58:26'),
    (503,503,'oqdOsSo0IHMNcqIanoSYuO9IErsCed',0.12,'2023-11-21 23:58:26','2023-11-21 23:58:26'),
    (504,504,'k5Y477fttZjvPaST6UPw01kcBXmv8f',2627,'2023-11-21 23:58:26','2023-11-21 23:58:26'),
    (505,505,'sBQirbrImxG9xhp1ox8ZgVclrPVbfa',1657,'2023-11-21 23:58:26','2023-11-21 23:58:26'),
    (506,506,'jm3jGLvV6U6FHqV7UCMkiItFcOVkhi',0.23,'2023-11-21 23:58:26','2023-11-21 23:58:26'),
    (507,507,'VkQnueBM3el554LBwNLh0kYJQYcpgZ',3620,'2023-11-21 23:58:26','2023-11-21 23:58:26'),
    (508,508,'rJv5RkJV2yYFSOL6w5ZsxmRv4bGd4C',2387,'2023-11-21 23:58:26','2023-11-21 23:58:26'),
    (509,509,'wyryZ93TIqgNhoGNAExy5FYvikZPgx',0.24,'2023-11-21 23:58:26','2023-11-21 23:58:26'),
    (510,510,'M1zAJfDrgg6q1wF2vXG8Y6N4INt6pH',0.05,'2023-11-21 23:58:26','2023-11-21 23:58:26'),
    (511,511,'JVPM0ao2dWrbvmUHliTFhTjr77tf2s',8405,'2023-11-21 23:58:26','2023-11-21 23:58:26'),
    (512,512,'g5O6cYx8MYYvj0pbIjte7LNHGxUgLR',0.15,'2023-11-21 23:58:26','2023-11-21 23:58:26'),
    (513,513,'yoyGTMwyfQNMHYdqv7gMx0PZAeJdvb',0.07,'2023-11-21 23:58:26','2023-11-21 23:58:26'),
    (514,514,'sC1dx4N003PfFenmvmEAYVE17erywr',5649,'2023-11-21 23:58:26','2023-11-21 23:58:26'),
    (515,515,'ZN1qDpYfFgLdf1HFYzgBFqOs2lRHWZ',1895,'2023-11-21 23:58:26','2023-11-21 23:58:26'),
    (516,516,'F8MrpIKh9UCQybNdkrMd6pzJdeMFoQ',9962.5,'2023-11-21 23:58:26','2023-11-21 23:58:26'),
    (517,517,'IgpIk7QYjhZK5CvCX0LwQo4IGxOFnF',6654.5,'2023-11-21 23:58:26','2023-11-21 23:58:26'),
    (518,518,'UFMLJ42rM5KizuRIpZCBJVjFWhzOk3',3568.5,'2023-11-21 23:58:26','2023-11-21 23:58:26'),
    (519,519,'v32642QCsxGo9n9Luqvo7Vh7R8qJpW',5310,'2023-11-21 23:58:26','2023-11-21 23:58:26'),
    (520,520,'OuI2zlboWnHnsDAsJ2lqfcGFPEgpns',6077.5,'2023-11-21 23:58:26','2023-11-21 23:58:26'),
    (521,521,'NogXAHZjeJWC16UsgElvlIvM3QVE5L',0.16,'2023-11-21 23:58:26','2023-11-21 23:58:26'),
    (522,522,'s0pptfFhVH8vL4fWhELALUtgyISzkF',0.04,'2023-11-21 23:58:26','2023-11-21 23:58:26'),
    (523,523,'wUAV2MbQX4Su1MTgvL8QIcTG8LFGaA',3081,'2023-11-21 23:58:26','2023-11-21 23:58:26'),
    (524,524,'SjYroITYfYl2pJfeGfLQ9C8r7upqrs',3902,'2023-11-21 23:58:26','2023-11-21 23:58:26'),
    (525,525,'XKRcR2pYXaRknyfzYbF9sP8wqlW5tE',2584,'2023-11-21 23:58:26','2023-11-21 23:58:26'),
    (526,526,'OYpraSTIomMHrXt6in3iBfNDs6J36w',0.1,'2023-11-21 23:58:26','2023-11-21 23:58:26'),
    (527,527,'OO2WuKVNgLaPvpSEP4vxK4eeRRMBiJ',1037,'2023-11-21 23:58:26','2023-11-21 23:58:26'),
    (528,528,'aP0fx1U9yzxpaPMlUK30MaAVCCD6Hr',0.04,'2023-11-21 23:58:26','2023-11-21 23:58:26'),
    (529,529,'hPdPAtqnCaDbVkk5lrL8oapFuzgrlV',0.17,'2023-11-21 23:58:26','2023-11-21 23:58:26'),
    (530,530,'BneVQM9O5sjSqCsdByvHl0WJL46v0t',9679,'2023-11-21 23:58:26','2023-11-21 23:58:26'),
    (531,531,'37h9Cy3ihsd2KYwm6uYlV7byEMsWDB',0.05,'2023-11-21 23:58:26','2023-11-21 23:58:26'),
    (532,532,'vehX9T1OCu3aUHyWhOntc0GmHwZgjn',2844.5,'2023-11-21 23:58:26','2023-11-21 23:58:26'),
    (533,533,'yTaZSapzTCUgFrKqY9eojKojyfw5ep',3079.5,'2023-11-21 23:58:26','2023-11-21 23:58:26'),
    (534,534,'1U3Bl205AmtLlZmXShadK8UR1idxal',0.14,'2023-11-21 23:58:26','2023-11-21 23:58:26'),
    (535,535,'6l14gEVGqLRMr9UglAI5ZrhtBY29S1',0.09,'2023-11-21 23:58:26','2023-11-21 23:58:26'),
    (536,536,'68A6hcHKIu43dGxCOWzwioKAPWRisl',3285.5,'2023-11-21 23:58:26','2023-11-21 23:58:26'),
    (537,537,'THikmL8iOnl9SN1Jnqqeg9ybmgQDIT',0.27,'2023-11-21 23:58:26','2023-11-21 23:58:26'),
    (538,538,'yfyqlgem2Aw45QZf8qoTHONNarmgTC',4867.5,'2023-11-21 23:58:26','2023-11-21 23:58:26'),
    (539,539,'p352eBBWykAg4IF4bFrJJzr2XOMiJ3',2622.5,'2023-11-21 23:58:26','2023-11-21 23:58:26'),
    (540,540,'fqed6P9lYKJTevjJiemzR1S2wsxrFC',0.09,'2023-11-21 23:58:26','2023-11-21 23:58:26'),
    (541,541,'D9AApgEnVG3tcX6opgfXJ1AvmXt8cQ',0.16,'2023-11-21 23:58:26','2023-11-21 23:58:26'),
    (542,542,'zM2Ti4aRch17sEgMHg776laARs5fYv',8105,'2023-11-21 23:58:26','2023-11-21 23:58:26'),
    (543,543,'OKM4dDe4riWW4RXZKcjqNqPIDK2VHz',0.16,'2023-11-21 23:58:26','2023-11-21 23:58:26'),
    (544,544,'3LitWU7MtCvL3B6hhALSX10v3ityVs',2346.5,'2023-11-21 23:58:26','2023-11-21 23:58:26'),
    (545,545,'2XvR80CQPKTs8YSgIqhYYyJTxEAyAg',9800,'2023-11-21 23:58:26','2023-11-21 23:58:26'),
    (546,546,'gOS07dZkrflL1yEVcZFxQ61oQpqmRJ',3823.5,'2023-11-21 23:58:26','2023-11-21 23:58:26'),
    (547,547,'mOldFMwdft8z4wph3eGqzCOTLT7gl9',5963.5,'2023-11-21 23:58:26','2023-11-21 23:58:26'),
    (548,548,'0MYSdUm8EaNoEI3SU8XqE3VBJcnziK',4382,'2023-11-21 23:58:26','2023-11-21 23:58:26'),
    (549,549,'5FC89s4PIg0X5SVtNQbJrlUWRJH12w',6186,'2023-11-21 23:58:26','2023-11-21 23:58:26'),
    (550,550,'h5MoN0upKB756BufUUnCAKDZ7fbRND',4651.5,'2023-11-21 23:58:26','2023-11-21 23:58:26'),
    (551,551,'OasQTFJQxrxeARFOOWzAGQdhpBAyna',1026.5,'2023-11-21 23:58:26','2023-11-21 23:58:26'),
    (552,552,'U0nPxwKdGGntYLRi8EfDoSbPVqHbj7',7132.5,'2023-11-21 23:58:26','2023-11-21 23:58:26'),
    (553,553,'NXVCSVXREZlx81oj3BREqsEitcut6v',3997,'2023-11-21 23:58:26','2023-11-21 23:58:26'),
    (554,554,'NXwWUcRyJtbvysKbbQxqbfg1tLx7bf',7505.5,'2023-11-21 23:58:26','2023-11-21 23:58:26'),
    (555,555,'rWchUX0oByom9tXWQAtyGuc3dddjOb',0.15,'2023-11-21 23:58:26','2023-11-21 23:58:26'),
    (556,556,'KBGm49m0PKy4VfQvFahzxlP9MfzFld',1256.5,'2023-11-21 23:58:26','2023-11-21 23:58:26'),
    (557,557,'eua7YS5SFW0L11wQRCtOwyVeZ8YeJ6',4008,'2023-11-21 23:58:26','2023-11-21 23:58:26'),
    (558,558,'dJCyzUF6QLpk09OhYHmZoKAI3dFztB',7963,'2023-11-21 23:58:26','2023-11-21 23:58:26'),
    (559,559,'FwYkA2Y8qJRNpkz8lVvsDTYUz2AHqW',0.23,'2023-11-21 23:58:26','2023-11-21 23:58:26'),
    (560,560,'KNWARVCtgtz65sXSU5iXkK486kybn5',3484,'2023-11-21 23:58:26','2023-11-21 23:58:26'),
    (561,561,'UWitDGg8rebnSy42YeeZAKCyzrg5U1',4859,'2023-11-21 23:58:26','2023-11-21 23:58:26'),
    (562,562,'b7ZW2couP06P209BMq7fg2pW0wlGEB',9412,'2023-11-21 23:58:26','2023-11-21 23:58:26'),
    (563,563,'hX4GL1OAQw2OaLcXHiRtrv3YaGZqeq',6690.5,'2023-11-21 23:58:26','2023-11-21 23:58:26'),
    (564,564,'VYLp49sJWLFscTwE5oz1cd6reqPB7a',2170,'2023-11-21 23:58:26','2023-11-21 23:58:26'),
    (565,565,'ARz8ZNFgI1gbGp6W2jpFGlIP93xxdo',0.07,'2023-11-21 23:58:26','2023-11-21 23:58:26'),
    (566,566,'R3mQNcFV8Nz3ayramrvi6fKw9RXIlP',4795.5,'2023-11-21 23:58:26','2023-11-21 23:58:26'),
    (567,567,'zt1PsMO7vjJkjoW5S1ze4Ja5MZEzpF',5339.5,'2023-11-21 23:58:26','2023-11-21 23:58:26'),
    (568,568,'XU0mrKyg22qorQ4OpT9bcK1C9W3PNK',0.11,'2023-11-21 23:58:26','2023-11-21 23:58:26'),
    (569,569,'IXmpcfZSk5ZhcJTDLUJhPp8vfdwyqS',0.23,'2023-11-21 23:58:26','2023-11-21 23:58:26'),
    (570,570,'fiS7qMPJK5hFw10SjUw5On0reNY5ON',7551,'2023-11-21 23:58:26','2023-11-21 23:58:26'),
    (571,571,'KxvBZxh1jt8urcq1kg60hkKeGlvOKx',0.1,'2023-11-21 23:58:26','2023-11-21 23:58:26'),
    (572,572,'IsHzUbYMFJ5PLpX4GeOCX2RtWl24Yc',0.22,'2023-11-21 23:58:26','2023-11-21 23:58:26'),
    (573,573,'mSwgTJ5CGYa7g8KghM0YhoSFzMSsvI',824.5,'2023-11-21 23:58:26','2023-11-21 23:58:26'),
    (574,574,'xl1ZK9PhcqZAZTpERVbKJBkDbYxxJr',0.23,'2023-11-21 23:58:26','2023-11-21 23:58:26'),
    (575,575,'dGMto9ATS70KMgJOnMTJWEWlJ6yJ7t',0.04,'2023-11-21 23:58:26','2023-11-21 23:58:26'),
    (576,576,'3Q6oPRWu3P5fZs8SwJmNzNyfBSEWul',0.09,'2023-11-21 23:58:26','2023-11-21 23:58:26'),
    (577,577,'hbq1PbWhL0fNx9ZFngmF2NUc1tg4A8',9089,'2023-11-21 23:58:26','2023-11-21 23:58:26'),
    (578,578,'xC5wzGq6Crr2ghsP0glFzmT9mrnLDa',0.17,'2023-11-21 23:58:26','2023-11-21 23:58:26'),
    (579,579,'sOpiNNkaKqgYWBBwqbLtQcRfmoFG0a',0.19,'2023-11-21 23:58:26','2023-11-21 23:58:26'),
    (580,580,'odQuI9Ou62LQ0wxYAFiTnIUys6GJrZ',1707.5,'2023-11-21 23:58:26','2023-11-21 23:58:26'),
    (581,581,'qCDwDUEslKREXFCRIAPJlKelouPXIY',8020.5,'2023-11-21 23:58:26','2023-11-21 23:58:26'),
    (582,582,'jlXiumoZZZqPzZQ5f5ZAT4atiJEMGS',0.25,'2023-11-21 23:58:26','2023-11-21 23:58:26'),
    (583,583,'JRIIhiZ6VQgUUiXqiFZavxeIpQEV4G',0.07,'2023-11-21 23:58:26','2023-11-21 23:58:26'),
    (584,584,'eRT2PeeCJXCZiZ6B3yfJrEM7hipVt8',0.25,'2023-11-21 23:58:26','2023-11-21 23:58:26'),
    (585,585,'twP4uFWiY5YCon5GcoKnUDfFk6CkP8',0.25,'2023-11-21 23:58:26','2023-11-21 23:58:26'),
    (586,586,'VkWACbUwnBaoucLRpQdzWPKlgfJRvo',6540.5,'2023-11-21 23:58:26','2023-11-21 23:58:26'),
    (587,587,'ymXTGNQOmMztjvXuZDR2aHYn3H4Lr7',0.2,'2023-11-21 23:58:26','2023-11-21 23:58:26'),
    (588,588,'0l0VU1jKh93Ggumz7bT5IZkBtQKcqB',3689,'2023-11-21 23:58:26','2023-11-21 23:58:26'),
    (589,589,'kVwPJ86R09TPKZIAUlQqIMCT6bvMLD',6600,'2023-11-21 23:58:26','2023-11-21 23:58:26'),
    (590,590,'WwHEktiVKfsIJPLaZGAjIfpthM2F7U',3513,'2023-11-21 23:58:26','2023-11-21 23:58:26'),
    (591,591,'09Z4oaUZ5NV5KgzglFuEZy8aT3Fcos',0.13,'2023-11-21 23:58:26','2023-11-21 23:58:26'),
    (592,592,'22xjAbG3Gq731ZgIYnwCR5OVaHntzh',6282.5,'2023-11-21 23:58:26','2023-11-21 23:58:26'),
    (593,593,'IAOqKAvuB46lqzbOpUUcvssMb8htlu',0.22,'2023-11-21 23:58:26','2023-11-21 23:58:26'),
    (594,594,'gGbtLPLt8KzUlvOpJllQ3b1VyyGAMn',7348.5,'2023-11-21 23:58:26','2023-11-21 23:58:26'),
    (595,595,'C9X5kCbcPdVDFGCSjaolIptI6MkRAs',6785.5,'2023-11-21 23:58:26','2023-11-21 23:58:26'),
    (596,596,'DEoHory6OkVv0YQb6uXb5peKarCFWo',0.04,'2023-11-21 23:58:26','2023-11-21 23:58:26'),
    (597,597,'kJrCxkSSvGIr5fhT3ws1qkFqHJS67O',3513.5,'2023-11-21 23:58:26','2023-11-21 23:58:26'),
    (598,598,'eGhRkunQmsLNKBiaJQ5npjbUKcWjZD',0.23,'2023-11-21 23:58:26','2023-11-21 23:58:26'),
    (599,599,'XNP1up7JZAiFUcbMfu4wfHMuOiLOGI',0.05,'2023-11-21 23:58:26','2023-11-21 23:58:26'),
    (600,600,'gDR8lpdFmtKfZZ2JF9l0AgCHHHiClg',6387.5,'2023-11-21 23:58:26','2023-11-21 23:58:26'),
    (601,601,'Y59keXyDBWLEFIG5iB8DCiwiqb167d',0.22,'2023-11-21 23:58:26','2023-11-21 23:58:26'),
    (602,602,'Ba7E1D5yvo1DlzgAt7ebvOIEKdLnB0',2249.5,'2023-11-21 23:58:26','2023-11-21 23:58:26'),
    (603,603,'QnsVEUrSOAitVnRMOETIG6ytfvUlUu',625.5,'2023-11-21 23:58:26','2023-11-21 23:58:26'),
    (604,604,'tgvD9vr4oSzFyQg83xJA5F4zMgZj6A',1814,'2023-11-21 23:58:26','2023-11-21 23:58:26'),
    (605,605,'e9OLjflxUip9v4vqO0oJozqgB9UxFu',7402.5,'2023-11-21 23:58:26','2023-11-21 23:58:26'),
    (606,606,'5XRPpeUCHKV7VYYqKPYBWiLTFRUg40',1639,'2023-11-21 23:58:26','2023-11-21 23:58:26'),
    (607,607,'HP2w3gUnWpGA5kkZn2AwCQ3NW7MuDH',5288.5,'2023-11-21 23:58:26','2023-11-21 23:58:26'),
    (608,608,'CGhBjOURFOTcfz8z93KMUhlYDTRU3r',2898,'2023-11-21 23:58:26','2023-11-21 23:58:26'),
    (609,609,'A1ipjkGa4k6hzmJcqR5M8aHjbDbCXV',0.1,'2023-11-21 23:58:26','2023-11-21 23:58:26'),
    (610,610,'rHe9BJ1fojx1pxO7UElacvQl5EQRcJ',2648.5,'2023-11-21 23:58:26','2023-11-21 23:58:26'),
    (611,611,'9pO1rCBV65M6BpDmQNod6CCZWrCP2w',2826.5,'2023-11-21 23:58:26','2023-11-21 23:58:26'),
    (612,612,'rVpN2vrI2j3rCCYOOJLzcc8evVtLY8',0.05,'2023-11-21 23:58:26','2023-11-21 23:58:26'),
    (613,613,'XDaW0SOkwOdQL0qlSIjlWMowRu7rhU',6306.5,'2023-11-21 23:58:26','2023-11-21 23:58:26'),
    (614,614,'6a4ETb3jfLkUabRXG0yptY71ZpOdKK',8466,'2023-11-21 23:58:26','2023-11-21 23:58:26'),
    (615,615,'RZ6Sik1SkAhIsv2t6buv4zdMJKGYef',5265,'2023-11-21 23:58:26','2023-11-21 23:58:26'),
    (616,616,'s2Mg9uP2DLVtiYtm2K8Rs4amo3DWg2',0.15,'2023-11-21 23:58:26','2023-11-21 23:58:26'),
    (617,617,'Wgw3ZbOumQHM8cN2C9zfKxrpcKfPM1',8066,'2023-11-21 23:58:26','2023-11-21 23:58:26'),
    (618,618,'ZMKuA4Qgzl0R0Q8kMfzHHQtFGTvDbz',3021.5,'2023-11-21 23:58:26','2023-11-21 23:58:26'),
    (619,619,'hfladUoeSxO4Pdn09ZORICQNCT4IP2',6383,'2023-11-21 23:58:26','2023-11-21 23:58:26'),
    (620,620,'aqnoUS6uolDX3lekLnBI7wl20I0DWo',9325.5,'2023-11-21 23:58:26','2023-11-21 23:58:26'),
    (621,621,'m1jpcDV4U21XY494ZyPfmF2oSn8pef',1520.5,'2023-11-21 23:58:26','2023-11-21 23:58:26'),
    (622,622,'gXQeGEaBxUn9DNDL91tBQkOmsj6ZRA',0.23,'2023-11-21 23:58:26','2023-11-21 23:58:26'),
    (623,623,'e9WLHGJyX9P2xYexZF6qRDDAPh8EQu',1213,'2023-11-21 23:58:26','2023-11-21 23:58:26'),
    (624,624,'0xKB5YmSIhY8N12Eum3gRCRJLavLUB',4703.5,'2023-11-21 23:58:26','2023-11-21 23:58:26'),
    (625,625,'nh6J22bfTvtoYnX60BDV740xb5sDf4',0.07,'2023-11-21 23:58:26','2023-11-21 23:58:26'),
    (626,626,'UH4eJRHDJDtViBhutWZKOz5pGYzlsV',3791.5,'2023-11-21 23:58:26','2023-11-21 23:58:26'),
    (627,627,'VMBaQJYa9wPV4uPXZ0macu9Eo0g9BU',0.13,'2023-11-21 23:58:26','2023-11-21 23:58:26'),
    (628,628,'Li8n1qnSpwu0vg4p5w77OeOVu1vMMi',7665,'2023-11-21 23:58:26','2023-11-21 23:58:26'),
    (629,629,'p71RbEpwMrh9zTlbnf9szycuHuYzBe',3017.5,'2023-11-21 23:58:26','2023-11-21 23:58:26'),
    (630,630,'KIBpA5rpANxGM1PJEbL8T3QAVcwZJC',6654,'2023-11-21 23:58:26','2023-11-21 23:58:26'),
    (631,631,'4W7v1zX4o1FvSvhFHdvvRcF9xlzzaG',0.06,'2023-11-21 23:58:26','2023-11-21 23:58:26'),
    (632,632,'ExxSUrP8zkvIrUSmMreD2g4zIqSAW7',4204.5,'2023-11-21 23:58:26','2023-11-21 23:58:26'),
    (633,633,'AmmejOFSAOBJu9UB42bn5MXzl0nxDl',2157,'2023-11-21 23:58:26','2023-11-21 23:58:26'),
    (634,634,'0NTf9fgujzjH4Mz6u34mrXrCci0fAX',6189,'2023-11-21 23:58:26','2023-11-21 23:58:26'),
    (635,635,'a1Cho6lUpf6ncj16FZR3G36kG5fNYi',1922,'2023-11-21 23:58:26','2023-11-21 23:58:26'),
    (636,636,'nIAx05BK7hGJ9lwYV0CIXFG2O3oJ0F',1742.5,'2023-11-21 23:58:26','2023-11-21 23:58:26'),
    (637,637,'wHLi8SSfGZyyihiZOt6cSxEti0ggWL',9538,'2023-11-21 23:58:26','2023-11-21 23:58:26'),
    (638,638,'meGzleGXfMGKwqSH3o4dGtjc3YKRXD',4864.5,'2023-11-21 23:58:26','2023-11-21 23:58:26'),
    (639,639,'6fw1DcpVokdpnPuzrX5obyp4n2CwS2',4832.5,'2023-11-21 23:58:26','2023-11-21 23:58:26'),
    (640,640,'uTcCoTpRYKVwrCUVcDBafyBFlQ39Ha',6085.5,'2023-11-21 23:58:26','2023-11-21 23:58:26'),
    (641,641,'cy8RpTwPRN8pNpYz4sItN4z1PWBSm8',2691.5,'2023-11-21 23:58:26','2023-11-21 23:58:26'),
    (642,642,'wEZ9PcQtRXA0tutrGhwmuqZlRRoS9B',9951,'2023-11-21 23:58:26','2023-11-21 23:58:26'),
    (643,643,'jz6hcWddtF792sBDCXHOABFbuLCpJ0',4723,'2023-11-21 23:58:26','2023-11-21 23:58:26'),
    (644,644,'0AtLjVFzXfjD8sGyf4eULlfCDj8jyJ',0.22,'2023-11-21 23:58:26','2023-11-21 23:58:26'),
    (645,645,'dcX2ehAj3WcoOzhFmK2iM5JT6lAhPW',3313.5,'2023-11-21 23:58:26','2023-11-21 23:58:26'),
    (646,646,'rbZbUVIcCMRbeQGBplZyKCMlgyxYc2',4432,'2023-11-21 23:58:26','2023-11-21 23:58:26'),
    (647,647,'tBniLHvshTrqzvguM5YzZ0PYQgIFWp',1037.5,'2023-11-21 23:58:26','2023-11-21 23:58:26'),
    (648,648,'aoIDM5yAW9bPSPksXyUqhOd7YuQaED',2395.5,'2023-11-21 23:58:26','2023-11-21 23:58:26'),
    (649,649,'qU1Wg0VUS3S8L8EiVjj1OiVeKSeWIr',2798,'2023-11-21 23:58:26','2023-11-21 23:58:26'),
    (650,650,'U5kGoWntLcNqslIqE8H2MDMU5sS1HE',2525,'2023-11-21 23:58:26','2023-11-21 23:58:26'),
    (651,651,'Z7mNI05bLXlhfH2Cy3WVhS4JTdoENZ',1927.5,'2023-11-21 23:58:26','2023-11-21 23:58:26'),
    (652,652,'LUvYiGUdsO5DQcAugjmxM3dUMfM1kY',8042,'2023-11-21 23:58:26','2023-11-21 23:58:26'),
    (653,653,'eGhnDoudYDKqCZsZ60kmLATf0NQwol',0.09,'2023-11-21 23:58:26','2023-11-21 23:58:26'),
    (654,654,'7mDRJXPcT5miwjowK7gErmyIwmR4VV',0.2,'2023-11-21 23:58:26','2023-11-21 23:58:26'),
    (655,655,'vz54lZgNRMzHH6gnUgxQK860g0iPF9',0.13,'2023-11-21 23:58:26','2023-11-21 23:58:26'),
    (656,656,'VIijwbM5L6NoftynB7v0JwDhCw4U5o',4085.5,'2023-11-21 23:58:26','2023-11-21 23:58:26'),
    (657,657,'ciMaLLJOVBvCBiNeFGf6j3zqKxTEtU',4135.5,'2023-11-21 23:58:26','2023-11-21 23:58:26'),
    (658,658,'hnvaPCjHpOQvdPtHP4Yk4F2J3ahkzQ',0.04,'2023-11-21 23:58:26','2023-11-21 23:58:26'),
    (659,659,'pxfOJRRUQiPzsB5Hhg53KgUxCwrDcn',0.12,'2023-11-21 23:58:26','2023-11-21 23:58:26'),
    (660,660,'AXeoGVvJC4lYfi56pt3YUWCaJlwiBb',0.27,'2023-11-21 23:58:26','2023-11-21 23:58:26'),
    (661,661,'WKC3czxxO7Ao4pL3YGcq5DeH6jr5n2',4806.5,'2023-11-21 23:58:26','2023-11-21 23:58:26'),
    (662,662,'NAuPCTfjjtJvEp9iVHMOA78haklxiO',0.06,'2023-11-21 23:58:26','2023-11-21 23:58:26'),
    (663,663,'Y5c3KVyWSkSp8ecTbOa9qbl9HNAaX3',0.15,'2023-11-21 23:58:26','2023-11-21 23:58:26'),
    (664,664,'MprPJalJbS2ASHHUga9iAFMfkztajQ',0.07,'2023-11-21 23:58:26','2023-11-21 23:58:26'),
    (665,665,'551Zkyk0b2KFssAWMdxybEAB8nF7F5',6804,'2023-11-21 23:58:26','2023-11-21 23:58:26'),
    (666,666,'diaxwGfNXlvLzgRDu0wzqfTqGGFE9O',6548,'2023-11-21 23:58:26','2023-11-21 23:58:26'),
    (667,667,'MYJmg1k3SiunTrZHBQagO3n6Bx5W41',0.02,'2023-11-21 23:58:26','2023-11-21 23:58:26'),
    (668,668,'GkhJcs2yZmhPFUtqRv5trSyVqL6ukO',0.27,'2023-11-21 23:58:26','2023-11-21 23:58:26'),
    (669,669,'RM3WttWt8w3xhfLuU4yZ5ckMGW8UGz',1181,'2023-11-21 23:58:26','2023-11-21 23:58:26'),
    (670,670,'rmMcAYkYD949gJsVVOcqh1ieZgPfJu',0.11,'2023-11-21 23:58:26','2023-11-21 23:58:26'),
    (671,671,'uKhCfo6VCKbxkofV0j9zglQhEJbT1J',5317.5,'2023-11-21 23:58:26','2023-11-21 23:58:26'),
    (672,672,'GJII03t7sULhrA7gb4NeGE9OC4og3x',0.27,'2023-11-21 23:58:26','2023-11-21 23:58:26'),
    (673,673,'qvNx4E1MI3rN3R8tHgLw1j484jg8Kr',7084.5,'2023-11-21 23:58:26','2023-11-21 23:58:26'),
    (674,674,'LHFCQjDRO1yJRqYLg41SQSM7bJRao9',0.14,'2023-11-21 23:58:26','2023-11-21 23:58:26'),
    (675,675,'aTq616Aqy5rLQBvYjl7jzwlWNX8zZ2',5363,'2023-11-21 23:58:26','2023-11-21 23:58:26'),
    (676,676,'GdiwmaThBtK1TkXsyQvMTvkEyiQqUM',3524.5,'2023-11-21 23:58:26','2023-11-21 23:58:26'),
    (677,677,'U2l27kwsduriVPNSdpWaz0ure9syJH',5252.5,'2023-11-21 23:58:26','2023-11-21 23:58:26'),
    (678,678,'5PBQcjj8YKYLN804s7yCKnAZcyoX8H',0.27,'2023-11-21 23:58:26','2023-11-21 23:58:26'),
    (679,679,'WxCaacbDl7QiZEaGPPTL2qOvpiIreA',0.2,'2023-11-21 23:58:26','2023-11-21 23:58:26'),
    (680,680,'sXRtFeSIRglE3EC7uKSDwc1U9yeNsf',0.03,'2023-11-21 23:58:26','2023-11-21 23:58:26'),
    (681,681,'L2eZGaULPqFSmDUCAc6PVzp2RGMM1Y',0.28,'2023-11-21 23:58:26','2023-11-21 23:58:26'),
    (682,682,'3mL2HcpzeJyhnOIvjp60omev2eEVkT',0.06,'2023-11-21 23:58:26','2023-11-21 23:58:26'),
    (683,683,'d6MyrbCMLG4u55viCqA4H5FLJWvhcm',0.24,'2023-11-21 23:58:26','2023-11-21 23:58:26'),
    (684,684,'HMhb3HOOGZaQ8AG6jW1GWEFAiFmW7T',5226,'2023-11-21 23:58:26','2023-11-21 23:58:26'),
    (685,685,'ZCU9UEAeZKiyblZcRo3eZa2FOz3AwN',6484,'2023-11-21 23:58:26','2023-11-21 23:58:26'),
    (686,686,'ZXflRqOGbMWGqt5LjtW2fgMJe3jolm',6202,'2023-11-21 23:58:26','2023-11-21 23:58:26'),
    (687,687,'ekASamkIzeOsPnXy1BqmL4z8kwAnjO',9273.5,'2023-11-21 23:58:26','2023-11-21 23:58:26'),
    (688,688,'tUizMVqp7pP9JU5cCMwMohwbShhvhS',1329.5,'2023-11-21 23:58:26','2023-11-21 23:58:26'),
    (689,689,'CgcsFpLI33rZkjneIxOPxTb1L1vDAk',3898,'2023-11-21 23:58:26','2023-11-21 23:58:26'),
    (690,690,'ZVmwCfskeAn9kLk5sMUs0C9BvRLdlc',4871,'2023-11-21 23:58:26','2023-11-21 23:58:26'),
    (691,691,'Cmg0sMQR3TCcUtjtCSwh9jxyDjBsFJ',0.12,'2023-11-21 23:58:26','2023-11-21 23:58:26'),
    (692,692,'mQCB08TeYmOtzc1GCoC5ICLHXWIMBr',6725,'2023-11-21 23:58:26','2023-11-21 23:58:26'),
    (693,693,'bHUUCLmPRWm8aKfPij0DTEz51dt8N4',2033.5,'2023-11-21 23:58:26','2023-11-21 23:58:26'),
    (694,694,'8P4vAQjXxGVMT1R7FPYTOywKIlvEqR',0.17,'2023-11-21 23:58:26','2023-11-21 23:58:26'),
    (695,695,'eo6ZXgEKRuMYT8t9cxzvMlPyXW4G7n',0.1,'2023-11-21 23:58:26','2023-11-21 23:58:26'),
    (696,696,'a0xyY4VuKXob2FoianWQVWmLwq88Rz',0.15,'2023-11-21 23:58:26','2023-11-21 23:58:26'),
    (697,697,'gQyQTFzWwU44IekE3sr5hBfoPzZUW2',0.12,'2023-11-21 23:58:26','2023-11-21 23:58:26'),
    (698,698,'nXmwSFA5LP4intFljisxEQfnSxSu1D',0.11,'2023-11-21 23:58:26','2023-11-21 23:58:26'),
    (699,699,'B0puxi34ErGUzAZ0NlwPhe0P9RqdSs',4264.5,'2023-11-21 23:58:26','2023-11-21 23:58:26'),
    (700,700,'7GVBq8gM5jLW5LwX1h0G5fmvZ7LNwD',0.28,'2023-11-21 23:58:26','2023-11-21 23:58:26'),
    (701,701,'xPCeC6s6gFBLJBRzNJIb62tRI6GeWG',0.07,'2023-11-21 23:58:26','2023-11-21 23:58:26'),
    (702,702,'Qvc2lbpQyxE0VXvw3I7EU6yoTi8CyD',8581,'2023-11-21 23:58:26','2023-11-21 23:58:26'),
    (703,703,'dFtulYSfLiMzPyxCigZYgPVpFSEz6H',7697.5,'2023-11-21 23:58:26','2023-11-21 23:58:26'),
    (704,704,'nZDZJBz6YXZBDrtbRCDgzZNst3cMLy',0.07,'2023-11-21 23:58:26','2023-11-21 23:58:26'),
    (705,705,'tMEfWNFrmr8Q8OqYGSX08RO6nSOSND',8020,'2023-11-21 23:58:26','2023-11-21 23:58:26'),
    (706,706,'bWR64ZcpGCnqdBr52U9fjlHr1Q5xFg',6550,'2023-11-21 23:58:26','2023-11-21 23:58:26'),
    (707,707,'Nj81B5yu6xNhhW8T0mL28JOw4iwJq7',6133.5,'2023-11-21 23:58:26','2023-11-21 23:58:26'),
    (708,708,'0LdN6JuvmNfvKmWB8Ma9pjncho3TZU',8279.5,'2023-11-21 23:58:26','2023-11-21 23:58:26'),
    (709,709,'8nCCZF4GeWGya01fYBVRGRpOZeSqVv',9126,'2023-11-21 23:58:26','2023-11-21 23:58:26'),
    (710,710,'cvqn6K16JhKDDy3QQazNP801jDBj5G',0.28,'2023-11-21 23:58:26','2023-11-21 23:58:26'),
    (711,711,'B2nhxIzVHatCozKrz0YLtn52Cvq6MC',7675.5,'2023-11-21 23:58:26','2023-11-21 23:58:26'),
    (712,712,'Ajy1QyO2UPSZVikbrCBjwBkQezQhjv',0.19,'2023-11-21 23:58:26','2023-11-21 23:58:26'),
    (713,713,'l12VjkLixnXF1tEsfAwOfKmDY4l0Cb',0.02,'2023-11-21 23:58:26','2023-11-21 23:58:26'),
    (714,714,'ZKNRVk2jBoHDgASgze1EuZBu2Z0ZHN',6196,'2023-11-21 23:58:26','2023-11-21 23:58:26'),
    (715,715,'n5MKc7nLl6SfqxfEx6Uiy59nPnrlWa',0.1,'2023-11-21 23:58:26','2023-11-21 23:58:26'),
    (716,716,'qr4vO26ZeDhSKUn2EjCUoeV96OlYm4',0.12,'2023-11-21 23:58:26','2023-11-21 23:58:26'),
    (717,717,'vjpBg7igNELTJkDlSnpV6tyJCNhVh4',6277.5,'2023-11-21 23:58:26','2023-11-21 23:58:26'),
    (718,718,'99JSCL5tBwYr1np0CUF8hc7z4e9EbS',9593.5,'2023-11-21 23:58:26','2023-11-21 23:58:26'),
    (719,719,'CNB00avWLlNXiZwtxxQbaxpaMwDl6y',7553,'2023-11-21 23:58:26','2023-11-21 23:58:26'),
    (720,720,'tBgy0hvc5nyAO2Popr1vdTAfX71IU4',0.15,'2023-11-21 23:58:26','2023-11-21 23:58:26'),
    (721,721,'OWXMOmGQISIJ3KAEE6SAI1mr3EgND7',1204,'2023-11-21 23:58:26','2023-11-21 23:58:26'),
    (722,722,'knQWyjfBGud5R1ssN0JVMGscoBtEW8',0.1,'2023-11-21 23:58:26','2023-11-21 23:58:26'),
    (723,723,'o4gpFHfJAAprJVfQu5t5UouOKFFDaL',0.23,'2023-11-21 23:58:26','2023-11-21 23:58:26'),
    (724,724,'tzaDnvAcjMc2hzeqvLYCJxXETDdWbW',1346,'2023-11-21 23:58:26','2023-11-21 23:58:26'),
    (725,725,'I28LrKGcA4i0Stok00t18XtRbgFuc6',1649,'2023-11-21 23:58:26','2023-11-21 23:58:26'),
    (726,726,'L5g2kPoqKl9rnaBveXxtTBGj0YCAFq',915,'2023-11-21 23:58:26','2023-11-21 23:58:26'),
    (727,727,'GBYFkQOgf8ugnWVgJzn3YS1Yu6gTEv',1936.5,'2023-11-21 23:58:26','2023-11-21 23:58:26'),
    (728,728,'B8KESayCsWvKklH1TrcabHhU7CuLm5',4339,'2023-11-21 23:58:26','2023-11-21 23:58:26'),
    (729,729,'EIpu9wLTAja9b4zQqVfHJhVfqILltt',5244,'2023-11-21 23:58:26','2023-11-21 23:58:26'),
    (730,730,'bld0Ff8b6TU6Jbshu5vKvzXkjllZxV',1871,'2023-11-21 23:58:26','2023-11-21 23:58:26'),
    (731,731,'0Vvs0Q7TPOazmCWKWvik6XPbnWGLSI',4579,'2023-11-21 23:58:26','2023-11-21 23:58:26'),
    (732,732,'XUscLzvzrsnoV5kIQaEbZZJn8nn4bn',4507.5,'2023-11-21 23:58:26','2023-11-21 23:58:26'),
    (733,733,'AX696qqbIxh6BnpsoFxuimGFSunHw5',5647,'2023-11-21 23:58:26','2023-11-21 23:58:26'),
    (734,734,'YmHYfxqNa7LnCsDIzX44wMSHGyW3rs',1785.5,'2023-11-21 23:58:26','2023-11-21 23:58:26'),
    (735,735,'b8TUjfPyahvUhiGrEhmWLyHChZCZQh',9287,'2023-11-21 23:58:26','2023-11-21 23:58:26'),
    (736,736,'sr5w26HxYptFhMaEtxICGZJukSPQmw',7759,'2023-11-21 23:58:26','2023-11-21 23:58:26'),
    (737,737,'PZEYIyykr2r7CtXoBjVus2X3yEWPgm',5467,'2023-11-21 23:58:26','2023-11-21 23:58:26'),
    (738,738,'BewjpDS1rHGqV4ojY0ZmHut0klJbG6',0.26,'2023-11-21 23:58:26','2023-11-21 23:58:26'),
    (739,739,'X75hKeOlkAYwzZNOxHPPWA6hIeAaGv',0.02,'2023-11-21 23:58:26','2023-11-21 23:58:26'),
    (740,740,'Lv9xozsdjEywZFPrZOwPgEU1KKTHjm',6498.5,'2023-11-21 23:58:26','2023-11-21 23:58:26'),
    (741,741,'vEbdD4IPraBEzOeebTSEgEK325qngZ',0.24,'2023-11-21 23:58:26','2023-11-21 23:58:26'),
    (742,742,'SPk1BVwzj5GHZzdmBjK6FggpiCMrUj',9769.5,'2023-11-21 23:58:26','2023-11-21 23:58:26'),
    (743,743,'KXI2yRc7ePq45VVEau8wBlUuy6axlK',0.02,'2023-11-21 23:58:26','2023-11-21 23:58:26'),
    (744,744,'MLZVOkzLC9btZIPrq7rrbnIDsKTePJ',1862.5,'2023-11-21 23:58:26','2023-11-21 23:58:26'),
    (745,745,'rOsegOa8w8t7Dptq7Y79tJeepsrHCj',7333.5,'2023-11-21 23:58:26','2023-11-21 23:58:26'),
    (746,746,'tUSkpj9TNjRU7VnllrOo66Hz2GGlqz',0.14,'2023-11-21 23:58:26','2023-11-21 23:58:26'),
    (747,747,'lz2B45EAgTINhQW09jXuc60jRQzhGj',0.13,'2023-11-21 23:58:26','2023-11-21 23:58:26'),
    (748,748,'GiGOpxxhWL9FxvNBBrP406Q0tHgYw7',7379.5,'2023-11-21 23:58:26','2023-11-21 23:58:26'),
    (749,749,'cVSalmVV3k0KTk0u0RjeWWbQ8ENJ8K',2370,'2023-11-21 23:58:26','2023-11-21 23:58:26'),
    (750,750,'8HK3prBaA55GIpfN6C8ie5BAMLpnzP',1287.5,'2023-11-21 23:58:26','2023-11-21 23:58:26'),
    (751,751,'9O7frePsm57E3uzcBLTU8KzSYKLwSz',3875,'2023-11-21 23:58:26','2023-11-21 23:58:26'),
    (752,752,'g5Qyl0htDz1wA7j6ipLGJokbhy7HfZ',3626.5,'2023-11-21 23:58:26','2023-11-21 23:58:26'),
    (753,753,'gC58jHqOP9tlYzrNvjuQllquUImAn2',0.03,'2023-11-21 23:58:26','2023-11-21 23:58:26'),
    (754,754,'XUdEA7GsiIMK13CfgHitAmLbngtaBR',7182,'2023-11-21 23:58:26','2023-11-21 23:58:26'),
    (755,755,'Lak8KLTuAghiqMT6qWoTsNmr7xx56i',2164.5,'2023-11-21 23:58:26','2023-11-21 23:58:26'),
    (756,756,'5RNYXOV5NRBjpncpLxgJfCA8KHDvsw',6518.5,'2023-11-21 23:58:26','2023-11-21 23:58:26'),
    (757,757,'cZSibqygfy5G33YDr9YB0qHgiZ1sZT',5353,'2023-11-21 23:58:26','2023-11-21 23:58:26'),
    (758,758,'eY2XURmPSwaMfIqzqfx7fU0RmHl2rh',9536,'2023-11-21 23:58:26','2023-11-21 23:58:26'),
    (759,759,'EEKwZhUZP0ksskDx3eU7dE6zdd0qdi',0.19,'2023-11-21 23:58:26','2023-11-21 23:58:26'),
    (760,760,'NJRXLCNypa22RWsWvksrj3CP9y9Dry',0.09,'2023-11-21 23:58:26','2023-11-21 23:58:26'),
    (761,761,'5xiEWwRN40i1MIDXTDAXKbzf9zazDT',0.2,'2023-11-21 23:58:26','2023-11-21 23:58:26'),
    (762,762,'5Dr2Z8tm4QdSXr9d2GDEEvJU42t4lF',3070,'2023-11-21 23:58:26','2023-11-21 23:58:26'),
    (763,763,'OErONiuScOrRVWZhKqcjpKsILVbcMb',3938.5,'2023-11-21 23:58:26','2023-11-21 23:58:26'),
    (764,764,'JKks1Y4BQFvTefAckuLlPeKN0LYAuY',0.2,'2023-11-21 23:58:26','2023-11-21 23:58:26'),
    (765,765,'wEHXpFUHdNKNPALIiWVTQLKNcQBkrE',8478.5,'2023-11-21 23:58:26','2023-11-21 23:58:26'),
    (766,766,'EkoZOo5jBadLx01LjNkRd8nalRizrD',0.11,'2023-11-21 23:58:26','2023-11-21 23:58:26'),
    (767,767,'DDVdVsd3yrCy7yIKakmfwRGMVurC8n',4269,'2023-11-21 23:58:26','2023-11-21 23:58:26'),
    (768,768,'aBNke5nSPmZHnoxzTLtVoiZ8AG3cUe',9299.5,'2023-11-21 23:58:26','2023-11-21 23:58:26'),
    (769,769,'yNL0OM1Dzv0st7Sowl98iR5D4BatRj',9747.5,'2023-11-21 23:58:26','2023-11-21 23:58:26'),
    (770,770,'R4lYSCJr0oK0XCpaIG2hC5mDpPUQEZ',2158.5,'2023-11-21 23:58:26','2023-11-21 23:58:26'),
    (771,771,'ndpWGd3CWHIqF0Vq7eienfvVkcxhLu',8231.5,'2023-11-21 23:58:26','2023-11-21 23:58:26'),
    (772,772,'JPeDbWSXI2G3DQLeolc0ogiHL0OC7s',4102.5,'2023-11-21 23:58:26','2023-11-21 23:58:26'),
    (773,773,'ESRCrB0AQGAexb1iZxSvdGyeP3RP1q',5928.5,'2023-11-21 23:58:26','2023-11-21 23:58:26'),
    (774,774,'JAuveG7oSMlp91fTKGu38G2z87Mx50',9132,'2023-11-21 23:58:26','2023-11-21 23:58:26'),
    (775,775,'BXOq2iHBMt9oUHiOnJZBuRMqGdcoG7',0.24,'2023-11-21 23:58:26','2023-11-21 23:58:26'),
    (776,776,'fBGRKAd7cVAsTwcLxwTzanGQNdCxfi',3046.5,'2023-11-21 23:58:26','2023-11-21 23:58:26'),
    (777,777,'6UcsJuuFWyLcVDXRVKw3um5SGkjrUh',4791,'2023-11-21 23:58:26','2023-11-21 23:58:26'),
    (778,778,'9ANEqORDKAF01lbi6rrEuHoCu8KUZF',3954,'2023-11-21 23:58:26','2023-11-21 23:58:26'),
    (779,779,'Mw8Rf7WtedZFiSxqwFjTBTMwFsVodi',6238.5,'2023-11-21 23:58:26','2023-11-21 23:58:26'),
    (780,780,'6SjB4gted3oHIEl8NNMn9jWbsfgBmE',2300,'2023-11-21 23:58:26','2023-11-21 23:58:26'),
    (781,781,'7VuosM0VMiz5gTpXp1l0qHajd1BwhA',2546,'2023-11-21 23:58:26','2023-11-21 23:58:26'),
    (782,782,'RkHi0xUaHQSTMcmWW06aZ5W74AL1lm',0.02,'2023-11-21 23:58:26','2023-11-21 23:58:26'),
    (783,783,'HPe7KJgYFKj1oZPbJkggZNHH1CqWVm',1372,'2023-11-21 23:58:26','2023-11-21 23:58:26'),
    (784,784,'lV0Sxshv8dFQ6E1KxQvJFgm449gNRp',9324.5,'2023-11-21 23:58:26','2023-11-21 23:58:26'),
    (785,785,'P9xoadSuUQHr5YlaFS8DjuZ0AMevyQ',8372.5,'2023-11-21 23:58:26','2023-11-21 23:58:26'),
    (786,786,'KWG2CAR6KR0oEV07aLsyEh0HxVsYpK',7333.5,'2023-11-21 23:58:26','2023-11-21 23:58:26'),
    (787,787,'XvXHHuBm0locynRoxUi3dmHEHD37Tg',8762.5,'2023-11-21 23:58:26','2023-11-21 23:58:26'),
    (788,788,'KnxpYalPHbYo3pXeVr157Jbj4CX81V',0.14,'2023-11-21 23:58:26','2023-11-21 23:58:26'),
    (789,789,'LEBVvq9joUFQk1NF8YQ7GKK6K30Wla',4484,'2023-11-21 23:58:26','2023-11-21 23:58:26'),
    (790,790,'Iq5vk8NAvZU07zojnOG26DbvsDvJXU',7108.5,'2023-11-21 23:58:26','2023-11-21 23:58:26'),
    (791,791,'YAlYZT0nMgyJXmEMjg1igjKP4LKart',3256.5,'2023-11-21 23:58:26','2023-11-21 23:58:26'),
    (792,792,'MK8P5BA4AlgF2tP26kxdFsCiFzHr48',9498,'2023-11-21 23:58:26','2023-11-21 23:58:26'),
    (793,793,'0m5YtJPLzkuw25MMJYNNqI7cYgEOiu',556,'2023-11-21 23:58:26','2023-11-21 23:58:26'),
    (794,794,'pPRQ6t3oxZ8cRfOTiA44BJBRGPHLxU',9134.5,'2023-11-21 23:58:26','2023-11-21 23:58:26'),
    (795,795,'5gAl5o8OGERJP6pJ07FJ7qfEFahla6',0.12,'2023-11-21 23:58:26','2023-11-21 23:58:26'),
    (796,796,'Wqif6bztR87CD8O2zbPeNF8X7QlccT',1667.5,'2023-11-21 23:58:26','2023-11-21 23:58:26'),
    (797,797,'QAAi1yLdrIU6JUmbabuqd562NZCbNl',0.02,'2023-11-21 23:58:26','2023-11-21 23:58:26'),
    (798,798,'GacNh2r2sF2IXLlKXRdJBLegZeVGkx',0.04,'2023-11-21 23:58:26','2023-11-21 23:58:26'),
    (799,799,'HOuqeRmylO03mpX7A75g6JuytVAOwt',0.26,'2023-11-21 23:58:26','2023-11-21 23:58:26'),
    (800,800,'iJw4LSMnBYWmuX911N1ktNrQLChB2m',9546.5,'2023-11-21 23:58:26','2023-11-21 23:58:26'),
    (801,801,'FXhhnsqxSd3lSjomGfPvpwnJFTZOcp',0.11,'2023-11-21 23:58:26','2023-11-21 23:58:26'),
    (802,802,'ccoKqtF3yL59by4jzuOvqnHSTUAXLS',5405.5,'2023-11-21 23:58:26','2023-11-21 23:58:26'),
    (803,803,'TM8YMfKODlGUqkEYVTOFHZbQJXZLpZ',0.25,'2023-11-21 23:58:26','2023-11-21 23:58:26'),
    (804,804,'jsqQT9B4Y3rVFL87IVxkvkkJppfH64',1721.5,'2023-11-21 23:58:26','2023-11-21 23:58:26'),
    (805,805,'vRV9Yr8SmTiscFhiXJsEV87YMzAGfl',5597.5,'2023-11-21 23:58:26','2023-11-21 23:58:26'),
    (806,806,'4o0Z3lGCPkuyeDHm39CrHQ95bxv7VC',7690.5,'2023-11-21 23:58:26','2023-11-21 23:58:26'),
    (807,807,'xJKencTd7dIRw06UfGU6VMbzCeS3g4',6413,'2023-11-21 23:58:26','2023-11-21 23:58:26'),
    (808,808,'CUjNQkhsLiFjsfth9BWwZFkD6sx3k0',1614.5,'2023-11-21 23:58:26','2023-11-21 23:58:26'),
    (809,809,'RyCSW3j3uagxHcdgsiQCsJmjDcxg3T',4875.5,'2023-11-21 23:58:26','2023-11-21 23:58:26'),
    (810,810,'mTYxgyXe12j5puSEQyhuDIz96naIDu',6374,'2023-11-21 23:58:26','2023-11-21 23:58:26'),
    (811,811,'c2uqB385tAhTAE2piouPy5pzQ1Dkni',0.17,'2023-11-21 23:58:26','2023-11-21 23:58:26'),
    (812,812,'diSE1V3EkhyiOXFsj61wiNoLueeDHA',938,'2023-11-21 23:58:26','2023-11-21 23:58:26'),
    (813,813,'RYNEICUJLcaI3EoZTCReyPjLg1LsPz',9438,'2023-11-21 23:58:26','2023-11-21 23:58:26'),
    (814,814,'v0OnKBvXYZTWg5oJdhuUzoXYR3OQF6',6846,'2023-11-21 23:58:26','2023-11-21 23:58:26'),
    (815,815,'wAN0bpj31swpDjhye4zjf5S6cSrd8g',0.25,'2023-11-21 23:58:26','2023-11-21 23:58:26'),
    (816,816,'otESU34NST9yOTMszwON5vYHimdROB',0.15,'2023-11-21 23:58:26','2023-11-21 23:58:26'),
    (817,817,'VUjQjkcgpQJmXhmIGrufmCed8QXdCM',897,'2023-11-21 23:58:26','2023-11-21 23:58:26'),
    (818,818,'Gjtm4xRAWjlxf78rpF5riORRPokMtW',7575.5,'2023-11-21 23:58:26','2023-11-21 23:58:26'),
    (819,819,'i0tAjkx0eIKGJWRJ0dOW9RQnRt17uR',8647.5,'2023-11-21 23:58:26','2023-11-21 23:58:26'),
    (820,820,'WOBYYHFdls3HnTrMlgCX0sW6ibCyBD',7530.5,'2023-11-21 23:58:26','2023-11-21 23:58:26'),
    (821,821,'GYeRLCcjiLCyitZRJ0EXWQaccsXtSY',1110.5,'2023-11-21 23:58:26','2023-11-21 23:58:26'),
    (822,822,'I20ugDXQ58S8fVf95iI006nnz0NnHv',9824.5,'2023-11-21 23:58:26','2023-11-21 23:58:26'),
    (823,823,'7JxkQkkdl8FDYgRXl08o4nGBk4b5S3',7644.5,'2023-11-21 23:58:26','2023-11-21 23:58:26'),
    (824,824,'hlJzlk5u6HEfOQ2KZTSID1BNjCND42',0.2,'2023-11-21 23:58:26','2023-11-21 23:58:26'),
    (825,825,'VFMGlWEpXw68QvTt23OM7f262z2N98',0.25,'2023-11-21 23:58:26','2023-11-21 23:58:26'),
    (826,826,'jYK7GexjQPQJ4oHvyG5KQUmZOR26UG',6217,'2023-11-21 23:58:26','2023-11-21 23:58:26'),
    (827,827,'LuHM6Gf2YEZ4Yx3PSd09TLWyReQOdf',839.5,'2023-11-21 23:58:26','2023-11-21 23:58:26'),
    (828,828,'j5V7o31fADC2hB3X6S1Lsku82pMzmB',0.04,'2023-11-21 23:58:26','2023-11-21 23:58:26'),
    (829,829,'wcLYtocuV8ct4TWJTKkQ5hHN1fzrI3',0.16,'2023-11-21 23:58:26','2023-11-21 23:58:26'),
    (830,830,'60jWKVCC4Of4NawbkpXSE9ftxxumqQ',1695.5,'2023-11-21 23:58:26','2023-11-21 23:58:26'),
    (831,831,'jh7hrI2DKptk5xCg8Jlw16z49G7Z1a',9375.5,'2023-11-21 23:58:26','2023-11-21 23:58:26'),
    (832,832,'mzNq6BD0dFf7Agw2M2mEXkDFgF4VIq',0.03,'2023-11-21 23:58:26','2023-11-21 23:58:26'),
    (833,833,'p1OHRWSawizYMfYVeQYtrMK2iZ65V6',1306.5,'2023-11-21 23:58:26','2023-11-21 23:58:26'),
    (834,834,'Ykcu4ibyH4IRkbA9G62I99Gs6yjXmk',939,'2023-11-21 23:58:26','2023-11-21 23:58:26'),
    (835,835,'JNekrZwz3xkhoys7R5cWxAr8wrwL6N',0.09,'2023-11-21 23:58:26','2023-11-21 23:58:26'),
    (836,836,'511wYCLtRpP1kiDnhcOQNWyxP1J6fK',0.12,'2023-11-21 23:58:26','2023-11-21 23:58:26'),
    (837,837,'Wehu7C5uho564Oszs0m5OfhODyBdzd',4936.5,'2023-11-21 23:58:26','2023-11-21 23:58:26'),
    (838,838,'OkAXweX1LnlX1bQ5VLtcLJFIudY9SM',566,'2023-11-21 23:58:26','2023-11-21 23:58:26'),
    (839,839,'k5m4R9xH33UOhlQ1mPd9RRNnOf71nP',6065,'2023-11-21 23:58:26','2023-11-21 23:58:26'),
    (840,840,'LSpiioA2U0Kr7Hti6UkOmtZTG6lEs9',6117,'2023-11-21 23:58:26','2023-11-21 23:58:26'),
    (841,841,'AWJYMheP1zGkaINjFT7xqhNlN0mzUC',4045.5,'2023-11-21 23:58:26','2023-11-21 23:58:26'),
    (842,842,'FuPDcwAFYxwmXMfDbFSQtm0f9c4vs3',4761.5,'2023-11-21 23:58:26','2023-11-21 23:58:26'),
    (843,843,'aJ1DMZWYwRljmh27TZTXL31gtIcDIH',1532,'2023-11-21 23:58:26','2023-11-21 23:58:26'),
    (844,844,'24RZ5cUvkKYgmSAy6wlIdNnjB7xweC',0.2,'2023-11-21 23:58:26','2023-11-21 23:58:26'),
    (845,845,'2QAJebcr1JCSDPnL9MWQE1ZJlPZ2WQ',0.07,'2023-11-21 23:58:26','2023-11-21 23:58:26'),
    (846,846,'L4byubjdY87nldyq3r0tCZPUedT3JZ',1005.5,'2023-11-21 23:58:26','2023-11-21 23:58:26'),
    (847,847,'8Abfj0HGzeGTcH1fz3IaXrLy6kvhDj',2126.5,'2023-11-21 23:58:26','2023-11-21 23:58:26'),
    (848,848,'SOGs1DgvHh99UZ0rxgOi8eaIUmKd1n',7602.5,'2023-11-21 23:58:26','2023-11-21 23:58:26'),
    (849,849,'GZUrj93ttoKc8mh7fvJ5KZSgsngsHX',9345,'2023-11-21 23:58:26','2023-11-21 23:58:26'),
    (850,850,'VVG1mh5fbDZpOUrSnYL8593yU9YWFh',6644,'2023-11-21 23:58:26','2023-11-21 23:58:26'),
    (851,851,'qhx0qzjLUjdbDVyZ8cRyEKUwd5r8Nk',0.07,'2023-11-21 23:58:26','2023-11-21 23:58:26'),
    (852,852,'5yxgUEuBQAMK1qJe2JrxHoCS77k6f8',8635,'2023-11-21 23:58:26','2023-11-21 23:58:26'),
    (853,853,'NBWYSF2HJQjR0d6n6wL4XFyFHo8RSt',7707,'2023-11-21 23:58:26','2023-11-21 23:58:26'),
    (854,854,'PQUwvMsodhF1Z0l8N1FE4xsNNCSHss',4807.5,'2023-11-21 23:58:26','2023-11-21 23:58:26'),
    (855,855,'ourXJyLhrH40NlS45indLXl3zTCaIC',0.19,'2023-11-21 23:58:26','2023-11-21 23:58:26'),
    (856,856,'LjiKkTi1jnLMYslTk8Z5GGJkrPepjg',0.23,'2023-11-21 23:58:26','2023-11-21 23:58:26'),
    (857,857,'Ptq8XV7DPt30vRSeTwqFMedluTXOMp',7887.5,'2023-11-21 23:58:26','2023-11-21 23:58:26'),
    (858,858,'BLCHgRYdJs5cq9sG47v8kVsjyy810p',6027,'2023-11-21 23:58:26','2023-11-21 23:58:26'),
    (859,859,'p8nLm7hDP4lb36a0pbakzwPdC8QbK5',4193.5,'2023-11-21 23:58:26','2023-11-21 23:58:26'),
    (860,860,'UgkMA2KJadaEkZbX5smHRjh4LGpS0v',0.21,'2023-11-21 23:58:26','2023-11-21 23:58:26'),
    (861,861,'Omw2MmaOmeSgmW7j9NVurWQdQDt6h3',6972,'2023-11-21 23:58:26','2023-11-21 23:58:26'),
    (862,862,'YrUcDAJvQEdKgdKpwbkA5GXIe6CRaP',2836,'2023-11-21 23:58:26','2023-11-21 23:58:26'),
    (863,863,'rQEGjciRyn2RAfIFGEpeNml2wvp5vR',8706.5,'2023-11-21 23:58:26','2023-11-21 23:58:26'),
    (864,864,'6CkgInC2mkluEkJz1XXRIwYMHJpAlO',934,'2023-11-21 23:58:26','2023-11-21 23:58:26'),
    (865,865,'qNcptTWQrjFz63F6WOjKOI7o8DXshi',0.12,'2023-11-21 23:58:26','2023-11-21 23:58:26'),
    (866,866,'ykYyTqnFKMRni4jcnOcZbpqsTClA8x',6773,'2023-11-21 23:58:26','2023-11-21 23:58:26'),
    (867,867,'8Z5hbJBXr2og0CAZNL5PcLbVdu0sTU',0.07,'2023-11-21 23:58:26','2023-11-21 23:58:26'),
    (868,868,'caxxZQ0CH0twul9FfVFCo0Klo2EJXs',0.17,'2023-11-21 23:58:26','2023-11-21 23:58:26'),
    (869,869,'XwkgTfFOd53drjhQFjn5xQghOByWh9',4690.5,'2023-11-21 23:58:26','2023-11-21 23:58:26'),
    (870,870,'5qC7h8UeZTH5ubPrCwyI7iO6NLQmDQ',6153.5,'2023-11-21 23:58:26','2023-11-21 23:58:26'),
    (871,871,'aMHGjWayrkA3gmPYMSEupyHiLe7Jnh',9314.5,'2023-11-21 23:58:26','2023-11-21 23:58:26'),
    (872,872,'biEiXSydOJj5a2WTgUvna69eeOQdHe',8457.5,'2023-11-21 23:58:26','2023-11-21 23:58:26'),
    (873,873,'pjJrQ8GSRp3dbVpidczxhdMFX2kiJs',0.2,'2023-11-21 23:58:26','2023-11-21 23:58:26'),
    (874,874,'mp7pixC6Sze1tvYM0V5QyraqoZAsam',3468.5,'2023-11-21 23:58:26','2023-11-21 23:58:26'),
    (875,875,'EMWICNuoIFGMOpnE6qazBpgUOOlUbj',0.08,'2023-11-21 23:58:26','2023-11-21 23:58:26'),
    (876,876,'4usvC19MIZwsFoA7smG6pS7b0VzaPa',560,'2023-11-21 23:58:26','2023-11-21 23:58:26'),
    (877,877,'flxdRbc2xHDC352ZifuVIQXxZhnQOY',0.19,'2023-11-21 23:58:26','2023-11-21 23:58:26'),
    (878,878,'JyFkUUf2Cgyk6MfbzNYxNvkokVOAPb',0.08,'2023-11-21 23:58:26','2023-11-21 23:58:26'),
    (879,879,'8OAHlNd9fbXUFwAmAaJQ22Rf1ghOG6',0.1,'2023-11-21 23:58:26','2023-11-21 23:58:26'),
    (880,880,'hchd1mkluVBXn69ccDNuj4W84Ci64A',0.07,'2023-11-21 23:58:26','2023-11-21 23:58:26'),
    (881,881,'OhjvLq3ccQ2ehuyWaewpYg74WkMybg',8064.5,'2023-11-21 23:58:26','2023-11-21 23:58:26'),
    (882,882,'f70ffux5ClqbMqa3k9MXQSaIdqkvde',3594.5,'2023-11-21 23:58:26','2023-11-21 23:58:26'),
    (883,883,'jCgV3r4Mr2tmbrGzpCkhAEagfRtM4N',9205.5,'2023-11-21 23:58:26','2023-11-21 23:58:26'),
    (884,884,'kCfwQELxojOCq364Twypb7o7jmERpj',5079.5,'2023-11-21 23:58:26','2023-11-21 23:58:26'),
    (885,885,'FACO5JXqof98wMRlBGMzoqNQS9l1vL',1368.5,'2023-11-21 23:58:26','2023-11-21 23:58:26'),
    (886,886,'ksLY2JiVdxHBfoAKg0VNIwH9jVGTLg',0.21,'2023-11-21 23:58:26','2023-11-21 23:58:26'),
    (887,887,'dqGckQqmr64ScNHixjPs2G6h0kgpv7',9110,'2023-11-21 23:58:26','2023-11-21 23:58:26'),
    (888,888,'YwHyt3d4xe5yJXcb2Ttlchzi8PnQob',2451,'2023-11-21 23:58:26','2023-11-21 23:58:26'),
    (889,889,'xewXeabe9JytlyGHtBhf9zLqescuOP',8768,'2023-11-21 23:58:26','2023-11-21 23:58:26'),
    (890,890,'mc2y5VPegl2REpb1oIm97MAjgrj7Y7',5841.5,'2023-11-21 23:58:26','2023-11-21 23:58:26'),
    (891,891,'iS59lTBzcXEtZ650Wb0FVjLmj23kRD',3590,'2023-11-21 23:58:26','2023-11-21 23:58:26'),
    (892,892,'sV9EJx44IS3HYa5RzLm2FT2BlzoeIy',5130.5,'2023-11-21 23:58:26','2023-11-21 23:58:26'),
    (893,893,'bOXxAUakHqSbKKjPOgLYf4pAGAXOBV',5213,'2023-11-21 23:58:26','2023-11-21 23:58:26'),
    (894,894,'Lwrdd4eDFLFiinZ7UCVQlyTdPdhgED',1071,'2023-11-21 23:58:26','2023-11-21 23:58:26'),
    (895,895,'mdmEzOnRR6n0Xio8Vh4mN4fVFgiJK1',6238,'2023-11-21 23:58:26','2023-11-21 23:58:26'),
    (896,896,'XstojWrVlXOY8mB28kOjix3YWUei7t',3280,'2023-11-21 23:58:26','2023-11-21 23:58:26'),
    (897,897,'0VsXSXIDxrUpdod90ZanyChhYtlOUW',0.22,'2023-11-21 23:58:26','2023-11-21 23:58:26'),
    (898,898,'QOPNgGg6x5tVt4wMtQQWbr742BhZSw',749.5,'2023-11-21 23:58:26','2023-11-21 23:58:26'),
    (899,899,'eCC7fytRrx8FrMEe992uD0BbbMBUWL',8959.5,'2023-11-21 23:58:26','2023-11-21 23:58:26'),
    (900,900,'lkHkFdoHoxBHLYSjmj4uX27sUbH3To',0.12,'2023-11-21 23:58:26','2023-11-21 23:58:26'),
    (901,901,'SNO4vPoOl7069l9wu5qWUypPAX4kyr',0.2,'2023-11-21 23:58:26','2023-11-21 23:58:26'),
    (902,902,'cWJ8veojHcrtjLbDl7PAyv38jdbvDc',881,'2023-11-21 23:58:26','2023-11-21 23:58:26'),
    (903,903,'lqFSHDbrjKlP7v9lKoPuyntTmICihJ',0.12,'2023-11-21 23:58:26','2023-11-21 23:58:26'),
    (904,904,'8wboo50WdUnAbVKLucuDxCmnCOzXeZ',0.04,'2023-11-21 23:58:26','2023-11-21 23:58:26'),
    (905,905,'hRWCyD2XXAbRru68WMXF7cY3RsfK0U',9634,'2023-11-21 23:58:26','2023-11-21 23:58:26'),
    (906,906,'8Tcn9V7ypqgJdeGzMaaf96SbZf2rs4',4109.5,'2023-11-21 23:58:26','2023-11-21 23:58:26'),
    (907,907,'g9zfeaAW5mJtMcjUrzzNmnzhnaoANx',0.27,'2023-11-21 23:58:26','2023-11-21 23:58:26'),
    (908,908,'BeFKzCrZfyi9qTa3jVX9yealMQRWsR',0.12,'2023-11-21 23:58:26','2023-11-21 23:58:26'),
    (909,909,'9VMDwcYX3BEECnZ2zhS7fAD1BbETCD',3113,'2023-11-21 23:58:26','2023-11-21 23:58:26'),
    (910,910,'EIaoopJWXXw2FbXcWjn6wK283QNbbZ',0.16,'2023-11-21 23:58:26','2023-11-21 23:58:26'),
    (911,911,'V0tuenEPeRg5b2DK6fKT0V9FkMA5RD',9876,'2023-11-21 23:58:26','2023-11-21 23:58:26'),
    (912,912,'NNAs0U8eWgkqocrPqySZJPUpTjffF2',8438,'2023-11-21 23:58:26','2023-11-21 23:58:26'),
    (913,913,'Vsq2tpR7QU1O4B8nWZ0kUE2RGMjk6K',5392,'2023-11-21 23:58:26','2023-11-21 23:58:26'),
    (914,914,'3BFmEe0Od2LXlYHEWjfNKHn7LDn4eP',6373.5,'2023-11-21 23:58:26','2023-11-21 23:58:26'),
    (915,915,'rt8sjQXXEp667k1mYZ2HvwuBENrHew',4023,'2023-11-21 23:58:26','2023-11-21 23:58:26'),
    (916,916,'f9ql3fp1QydnWCih5CDMlLZGH5s93v',6964.5,'2023-11-21 23:58:26','2023-11-21 23:58:26'),
    (917,917,'uCEAhntQcFvTMBt3mxXaBIXS8Xk2fK',4132,'2023-11-21 23:58:26','2023-11-21 23:58:26'),
    (918,918,'5lDu8v8g3k05FF1Kid2VXqh1MdoyVe',3046.5,'2023-11-21 23:58:26','2023-11-21 23:58:26'),
    (919,919,'C8ZQb7ertukmGQAvFHw7o6lysbM7GY',0.25,'2023-11-21 23:58:26','2023-11-21 23:58:26'),
    (920,920,'w5iWOjSZObfqYfb6aNzGSVb3iYPkTV',8982,'2023-11-21 23:58:26','2023-11-21 23:58:26'),
    (921,921,'VW2sT28EQQSapqK958WRM0HBcnTs3Y',7802,'2023-11-21 23:58:26','2023-11-21 23:58:26'),
    (922,922,'NiMYKc3B9nndSZX2EFDFH6rGJCBdK3',0.2,'2023-11-21 23:58:26','2023-11-21 23:58:26'),
    (923,923,'vs0vYNmKMVqIiLcMIrCh95qaGd1spk',6395.5,'2023-11-21 23:58:26','2023-11-21 23:58:26'),
    (924,924,'y8TiDjxFVpLc2saZjc4lEEXZwJY62F',6786.5,'2023-11-21 23:58:26','2023-11-21 23:58:26'),
    (925,925,'urrSOwAmwHdnkZ3CRoEYXGBAmKXNQG',0.07,'2023-11-21 23:58:26','2023-11-21 23:58:26'),
    (926,926,'0nUD8UOBdEOhGwgLBNC1LuypMVmhNs',4330,'2023-11-21 23:58:26','2023-11-21 23:58:26'),
    (927,927,'oAB4cgbV5Ptxqr8VWg360Vm3nF4fdR',0.18,'2023-11-21 23:58:26','2023-11-21 23:58:26'),
    (928,928,'dSzGh4pQAVI19NQuATxORjjM6DLUww',0.05,'2023-11-21 23:58:26','2023-11-21 23:58:26'),
    (929,929,'twKHl8S73LoqobuiJv0gmfE85CBxD4',2208.5,'2023-11-21 23:58:26','2023-11-21 23:58:26'),
    (930,930,'Tc7wHjE6RQh5FYi3RJiZZQNWXOOcg7',0.06,'2023-11-21 23:58:26','2023-11-21 23:58:26'),
    (931,931,'NbkRyrr64ggZGXvkweTAGtB7Qh2lWZ',0.1,'2023-11-21 23:58:26','2023-11-21 23:58:26'),
    (932,932,'icVxLVFamYZmKiSIxM8OmRNCIMZ2Tz',9398,'2023-11-21 23:58:26','2023-11-21 23:58:26'),
    (933,933,'frjvtHnxPOeZDKNba7aCeWe7o2QFT2',9621.5,'2023-11-21 23:58:26','2023-11-21 23:58:26'),
    (934,934,'U6iEAOBquqYl4C79Vep3fL2aRnq7Kx',2403,'2023-11-21 23:58:26','2023-11-21 23:58:26'),
    (935,935,'iYgYi3zU2GwQxPQRs6qSYJ0XimIf24',0.1,'2023-11-21 23:58:26','2023-11-21 23:58:26'),
    (936,936,'Gbag7BJWaWALND9HTlso3oZ6zk8PSY',0.18,'2023-11-21 23:58:26','2023-11-21 23:58:26'),
    (937,937,'yz2aFWxmE7k2dGzOyOrHocKSLQ4yPi',0.02,'2023-11-21 23:58:26','2023-11-21 23:58:26'),
    (938,938,'Wus3hvMURhUaoWvfitsyop8oeREG4H',0.08,'2023-11-21 23:58:26','2023-11-21 23:58:26'),
    (939,939,'pClr2qN10ny3FnSDREhsnffJekR9KL',0.26,'2023-11-21 23:58:26','2023-11-21 23:58:26'),
    (940,940,'V1Zyvq72aq55O8nMKrpdEzypjm62ab',9705,'2023-11-21 23:58:26','2023-11-21 23:58:26'),
    (941,941,'BtR4vvlORTmZiS7PrIanhI5h7dT8eb',5616,'2023-11-21 23:58:26','2023-11-21 23:58:26'),
    (942,942,'4egX0JOHs5NRfk7FGbIVZfhEPIZQah',2011.5,'2023-11-21 23:58:26','2023-11-21 23:58:26'),
    (943,943,'gp1USxLFDFkigjQQ8EGeEkT29WxgPe',2939.5,'2023-11-21 23:58:26','2023-11-21 23:58:26'),
    (944,944,'YHOJnlBDPZhpLiMIRfRVIeR7Y8nstv',0.24,'2023-11-21 23:58:26','2023-11-21 23:58:26'),
    (945,945,'cGJYThl5biyQgr05FehFCeRP8i0kxF',0.1,'2023-11-21 23:58:26','2023-11-21 23:58:26'),
    (946,946,'SQcB8PbWK648yrEjcXXgb9h6PRfgqb',6642.5,'2023-11-21 23:58:26','2023-11-21 23:58:26'),
    (947,947,'cirhoukva57aZUmFyLYLNtMmYAj3dX',0.19,'2023-11-21 23:58:26','2023-11-21 23:58:26'),
    (948,948,'2HkLGpIWsU6fUmqAIWPt0P6GLXC9IV',1999,'2023-11-21 23:58:26','2023-11-21 23:58:26'),
    (949,949,'S0nVjZVzNgYMugRUaR1jrfGUfZOWRJ',0.24,'2023-11-21 23:58:26','2023-11-21 23:58:26'),
    (950,950,'TrlYo3sbeNpOTxsL8TUDkPgQNfRGkh',0.07,'2023-11-21 23:58:26','2023-11-21 23:58:26'),
    (951,951,'Q21ukFm14kdD1gvIyQ6O99aR7hLdNk',4582,'2023-11-21 23:58:26','2023-11-21 23:58:26'),
    (952,952,'JSnrOFswEBBTXaXa4xxGxSTsU4cJ6A',0.16,'2023-11-21 23:58:26','2023-11-21 23:58:26'),
    (953,953,'19F2BYqngIDzD7SJBdx3GE6Q2YLwZe',1654.5,'2023-11-21 23:58:26','2023-11-21 23:58:26'),
    (954,954,'LC1SLoLx12wPX5n01kwglNgnFgL2fp',9429,'2023-11-21 23:58:26','2023-11-21 23:58:26'),
    (955,955,'fBUxlyRU7UF4iml8qg31lfY0Cdocdp',5469.5,'2023-11-21 23:58:26','2023-11-21 23:58:26'),
    (956,956,'2EaWqQRzrYf11il5vOH6VE3iTqKwta',2494,'2023-11-21 23:58:26','2023-11-21 23:58:26'),
    (957,957,'1vvJgouQTyBfpbOry1xL7KqpZKCNrx',5390,'2023-11-21 23:58:26','2023-11-21 23:58:26'),
    (958,958,'W0UC8HaRgEW28dKpDSzaVcvmQLHfbl',4349.5,'2023-11-21 23:58:26','2023-11-21 23:58:26'),
    (959,959,'InosXI8Dk1JpRNrLOkeYHWasNF5xEg',3973,'2023-11-21 23:58:26','2023-11-21 23:58:26'),
    (960,960,'NpWAWptxJ4neLgKBzyHcB6dbXzRqlC',3194,'2023-11-21 23:58:26','2023-11-21 23:58:26'),
    (961,961,'kb6ZZbbB8p2iFtK8lFY2B34ZrdpKmN',0.24,'2023-11-21 23:58:26','2023-11-21 23:58:26'),
    (962,962,'w7ee7UHm6s0OsRCVCbMaZwAl51lzUG',1643.5,'2023-11-21 23:58:26','2023-11-21 23:58:26'),
    (963,963,'oQPcSsnFDL74pAYqohVhpiUj8IUmZC',1146.5,'2023-11-21 23:58:26','2023-11-21 23:58:26'),
    (964,964,'OCXzYYGVJsXr3GqCF23pgzCvewJco8',2523.5,'2023-11-21 23:58:26','2023-11-21 23:58:26'),
    (965,965,'zJhtMuRPZgr7BNx2OsuV9qQF2tsUkC',7269,'2023-11-21 23:58:26','2023-11-21 23:58:26'),
    (966,966,'v475bUdICLLRAFNIzrWf6tjEhlAvVz',2388,'2023-11-21 23:58:26','2023-11-21 23:58:26'),
    (967,967,'gDWx0g9EtqrNIePzOF0g360WYJoVlK',1717.5,'2023-11-21 23:58:26','2023-11-21 23:58:26'),
    (968,968,'zJ3Ef0oEYG2UdOimtnpk4poNeGrqf7',7617.5,'2023-11-21 23:58:26','2023-11-21 23:58:26'),
    (969,969,'Y2jYQFoXroVnh5lRkiOORd31lYO58l',9345.5,'2023-11-21 23:58:26','2023-11-21 23:58:26'),
    (970,970,'6HvnoD1Di2hfrpSI3yz6bVDMxraUXK',5967.5,'2023-11-21 23:58:26','2023-11-21 23:58:26'),
    (971,971,'Jj5RwxVF9y9n4ZT9WZ7yhaI7i8KTK1',0.13,'2023-11-21 23:58:26','2023-11-21 23:58:26'),
    (972,972,'Bo4AK7AWaK1lDunYllKqtr1piCDNjq',1052,'2023-11-21 23:58:26','2023-11-21 23:58:26'),
    (973,973,'nkSSy9rNepS4H76UpRsh9nnIRShkKz',8457.5,'2023-11-21 23:58:26','2023-11-21 23:58:26'),
    (974,974,'pExul1N5b9LT2jKHuZWpwTW4fNYM3X',0.16,'2023-11-21 23:58:26','2023-11-21 23:58:26'),
    (975,975,'G8gPl7iFmNnVM5QZEz15gBRSLiI5jp',0.22,'2023-11-21 23:58:26','2023-11-21 23:58:26'),
    (976,976,'mmluTNgCHnKLpzikQaHA8Vh1PWVdRR',4486.5,'2023-11-21 23:58:26','2023-11-21 23:58:26'),
    (977,977,'RV2zOAiOnrtnxitEAON2ycB29YrOT2',0.22,'2023-11-21 23:58:26','2023-11-21 23:58:26'),
    (978,978,'vsYVzIB3H9xeTNWHyRky7qSt8xl4Aq',2422.5,'2023-11-21 23:58:26','2023-11-21 23:58:26'),
    (979,979,'MeDe8AE4N2nnMuIakLzX6KSEH8RkZe',7414.5,'2023-11-21 23:58:26','2023-11-21 23:58:26'),
    (980,980,'Uy6Y22v0gZwQ4ZZ4gjySvd8i3Sv3Xe',856.5,'2023-11-21 23:58:26','2023-11-21 23:58:26'),
    (981,981,'S1KqqTuvZvyjsM5rr1T39GrtygaHNq',0.19,'2023-11-21 23:58:26','2023-11-21 23:58:26'),
    (982,982,'6jKKwqopo1J8oeJOe9CAH8erx5FTJR',0.1,'2023-11-21 23:58:26','2023-11-21 23:58:26'),
    (983,983,'kSl5oy5kqJlWkDkCQPVikQY9E5ynTf',3036.5,'2023-11-21 23:58:26','2023-11-21 23:58:26'),
    (984,984,'MtNW0ca8cKdQkkUPjnytomd9eOrBJ6',2518,'2023-11-21 23:58:26','2023-11-21 23:58:26'),
    (985,985,'S6n1IfdASrkJynA0uLb1R1qhy0VLho',2328,'2023-11-21 23:58:26','2023-11-21 23:58:26'),
    (986,986,'CRxke2lJqNHt8o4QtJhY7ksz3LAXsq',1148,'2023-11-21 23:58:26','2023-11-21 23:58:26'),
    (987,987,'qQwppg64ksBcCkyhlEShyjCXFVZhay',0.14,'2023-11-21 23:58:26','2023-11-21 23:58:26'),
    (988,988,'gazl0vNkoTN8Fx39qPDKdUSQ9zAxbW',5346,'2023-11-21 23:58:26','2023-11-21 23:58:26'),
    (989,989,'8NARyxpXmnCdh6gibZWq7uFJ6CytHQ',0.08,'2023-11-21 23:58:26','2023-11-21 23:58:26'),
    (990,990,'y83pSb65HM93auILCEUnX436SQr9Qq',0.28,'2023-11-21 23:58:26','2023-11-21 23:58:26'),
    (991,991,'uhyQpDmxpQ0EtXW34sGdj6aoXXopVb',2469,'2023-11-21 23:58:26','2023-11-21 23:58:26'),
    (992,992,'sNU7iqGTgqbkXXbMABBGzoRlFyCgT3',6702.5,'2023-11-21 23:58:26','2023-11-21 23:58:26'),
    (993,993,'7JVVoBmbiCJ40WzwLthYuOTNO9shNd',8498.5,'2023-11-21 23:58:26','2023-11-21 23:58:26'),
    (994,994,'qdGzOg26aDSoFBxnkk14OEWFiJD3Mz',6610,'2023-11-21 23:58:26','2023-11-21 23:58:26'),
    (995,995,'mr4aN4nGLTq6gn5LVmnhBCsnBdY2Mb',4478,'2023-11-21 23:58:26','2023-11-21 23:58:26'),
    (996,996,'jVqyCpm42X6DMALCaOtZX8ZnyEsVMq',0.22,'2023-11-21 23:58:26','2023-11-21 23:58:26'),
    (997,997,'ImWW7084mYIvgDgMxRuazCB9iqYKTV',0.25,'2023-11-21 23:58:26','2023-11-21 23:58:26'),
    (998,998,'QaQC2Ry4fWtq3GUhyGqB8d2MyW0WQv',7282,'2023-11-21 23:58:26','2023-11-21 23:58:26'),
    (999,999,'jHe83MkUAjeIdDMxV4v6l0D3xtrSpQ',2327.5,'2023-11-21 23:58:26','2023-11-21 23:58:26'),
    (1000,1000,'6iqCrbOYizj5kRZqZrCOBm6uPsLgxP',5930.5,'2023-11-21 23:58:26','2023-11-21 23:58:26'),
    (1001,1001,'XRiSlo3mIRQvTN4gtoM4TpfeMyctBo',4260,'2023-11-21 23:58:26','2023-11-21 23:58:26'),
    (1002,1002,'ukPMZHDbna94RqKpokFs3iW9jIqPQr',7846,'2023-11-21 23:58:26','2023-11-21 23:58:26'),
    (1003,1003,'oNiU2W4eVh0wN19XqW0u7MHdoTsbrF',0.19,'2023-11-21 23:58:26','2023-11-21 23:58:26'),
    (1004,1004,'hN2FdLOiLygGFq3DgTQO3FZIsjGESm',0.17,'2023-11-21 23:58:26','2023-11-21 23:58:26'),
    (1005,1005,'Q2wZaOlfT1ZuVKnhe72FA6kwnAnXkX',0.21,'2023-11-21 23:58:26','2023-11-21 23:58:26'),
    (1006,1006,'uAA7vdaXXUMONQu1xX56TLAc7GDw0K',2563.5,'2023-11-21 23:58:26','2023-11-21 23:58:26'),
    (1007,1007,'8vtteYa7Ta6BjmLMnsT4jtoE2nyZYg',6395,'2023-11-21 23:58:26','2023-11-21 23:58:26'),
    (1008,1008,'XqMbrNlgtnhMpRbPzk3bapDoauXOOR',0.28,'2023-11-21 23:58:26','2023-11-21 23:58:26'),
    (1009,1009,'UIazSdghm3XlWXZF5EFKZ7NdRoOQFC',0.19,'2023-11-21 23:58:26','2023-11-21 23:58:26'),
    (1010,1010,'Ss1q6cyN4keNT1GIZj7JCaXvTiGLHV',3447.5,'2023-11-21 23:58:26','2023-11-21 23:58:26'),
    (1011,1011,'H3PoNIkfA1UoN0rZHhetrrkQuk8Plk',0.06,'2023-11-21 23:58:26','2023-11-21 23:58:26'),
    (1012,1012,'ECgcpO5zhmos9AOYMbte9gp7xybzPy',0.04,'2023-11-21 23:58:26','2023-11-21 23:58:26'),
    (1013,1013,'ttAEscxd12ASYoU29Io986x25RD3kU',0.23,'2023-11-21 23:58:26','2023-11-21 23:58:26'),
    (1014,1014,'KfiAgwkfrABqWAFuBCw62SMH8h6meb',5805,'2023-11-21 23:58:26','2023-11-21 23:58:26'),
    (1015,1015,'MKwTFLmO3RGLiSstMIOFApMpxNffk9',0.15,'2023-11-21 23:58:26','2023-11-21 23:58:26'),
    (1016,1016,'5bzIwexS4Mb1mAkoaadbVHnw28nS1R',5916,'2023-11-21 23:58:26','2023-11-21 23:58:26'),
    (1017,1017,'meaK8rF2F1Xqo85q4tgNR4yZ060Kgq',8919,'2023-11-21 23:58:26','2023-11-21 23:58:26'),
    (1018,1018,'HscJHIgGFx6q6EgKwEuJawW0RVucTj',3967.5,'2023-11-21 23:58:26','2023-11-21 23:58:26'),
    (1019,1019,'plhOQCuygfk0oorPpLiUl6hqnmImQh',0.02,'2023-11-21 23:58:26','2023-11-21 23:58:26'),
    (1020,1020,'ApKktG5N2I24cSJIzxggnEIIBfpVnW',5752.5,'2023-11-21 23:58:26','2023-11-21 23:58:26'),
    (1021,1021,'DbynhHTVYia9NifkkoTz1tMqgL0ppi',2256,'2023-11-21 23:58:26','2023-11-21 23:58:26'),
    (1022,1022,'7dhVnPpNTNtYhkfjzcUGhyNHKN66TV',5263.5,'2023-11-21 23:58:26','2023-11-21 23:58:26'),
    (1023,1023,'zcFc9hdBfgPjmSLB9VfCZrXdVRtdKj',4185.5,'2023-11-21 23:58:26','2023-11-21 23:58:26'),
    (1024,1024,'9tZWwGZEifYO6MLRoCFt6TaSJR3oBB',7678.5,'2023-11-21 23:58:26','2023-11-21 23:58:26'),
    (1025,1025,'0bm1k0xsZwM2fbdZsc0i19TSU6nkVX',1206,'2023-11-21 23:58:26','2023-11-21 23:58:26');
